0001,"豊四季　店　　　　　　　　　　　　　　　",01,"しまむら　　　　　　",9901
0002,"鹿嶋店　　　　　　　　　　　　　　　　　",01,"しまむら　　　　　　",9901
0003,"鴻巣　店　　　　　　　　　　　　　　　　",01,"しまむら　　　　　　",9901
0004,"真岡店　　　　　　　　　　　　　　　　　",01,"しまむら　　　　　　",9901
0005,"石岡店　　　　　　　　　　　　　　　　　",01,"しまむら　　　　　　",9901
0006,"北本　店　　　　　　　　　　　　　　　　",01,"しまむら　　　　　　",9901
0007,"大田原店　　　　　　　　　　　　　　　　",01,"しまむら　　　　　　",9901
0008,"烏山店　　　　　　　　　　　　　　　　　",01,"しまむら　　　　　　",9901
0009,"増尾台店　　　　　　　　　　　　　　　　",01,"しまむら　　　　　　",9901
0010,"大穂　店　　　　　　　　　　　　　　　　",01,"しまむら　　　　　　",9901
0011,"おもちゃのまち店　　　　　　　　　　　　",01,"しまむら　　　　　　",9901
0013,"東簗瀬店　　　　　　　　　　　　　　　　",01,"しまむら　　　　　　",9901
0014,"城北　店　　　　　　　　　　　　　　　　",01,"しまむら　　　　　　",9901
0015,"花田店　　　　　　　　　　　　　　　　　",01,"しまむら　　　　　　",9901
0016,"藤塚　店　　　　　　　　　　　　　　　　",01,"しまむら　　　　　　",9901
0017,"那珂湊店　　　　　　　　　　　　　　　　",01,"しまむら　　　　　　",9901
0018,"神栖　店　　　　　　　　　　　　　　　　",01,"しまむら　　　　　　",9901
0019,"川尻店　　　　　　　　　　　　　　　　　",01,"しまむら　　　　　　",9901
0020,"西上尾店　　　　　　　　　　　　　　　　",01,"しまむら　　　　　　",9901
0021,"つつみ野店　　　　　　　　　　　　　　　",01,"しまむら　　　　　　",9901
0022,"吉沢ＦＭ店　　　　　　　　　　　　　　　",01,"しまむら　　　　　　",9901
0023,"結城店　　　　　　　　　　　　　　　　　",01,"しまむら　　　　　　",9901
0024,"高津店　　　　　　　　　　　　　　　　　",01,"しまむら　　　　　　",9901
0025,"越戸　店　　　　　　　　　　　　　　　　",01,"しまむら　　　　　　",9901
0026,"川間　店　　　　　　　　　　　　　　　　",01,"しまむら　　　　　　",9901
0027,"八郷店　　　　　　　　　　　　　　　　　",01,"しまむら　　　　　　",9901
0028,"小桑原　店　　　　　　　　　　　　　　　",01,"しまむら　　　　　　",9901
0029,"佐野店　　　　　　　　　　　　　　　　　",01,"しまむら　　　　　　",9901
0030,"伊刈　店　　　　　　　　　　　　　　　　",01,"しまむら　　　　　　",9901
0031,"大袋店　　　　　　　　　　　　　　　　　",01,"しまむら　　　　　　",9901
0032,"加須店　　　　　　　　　　　　　　　　　",01,"しまむら　　　　　　",9901
0033,"八潮　店　　　　　　　　　　　　　　　　",01,"しまむら　　　　　　",9901
0034,"森山店　　　　　　　　　　　　　　　　　",01,"しまむら　　　　　　",9901
0035,"栃木店　　　　　　　　　　　　　　　　　",01,"しまむら　　　　　　",9901
0036,"古ケ崎店　　　　　　　　　　　　　　　　",01,"しまむら　　　　　　",9901
0037,"行田店　　　　　　　　　　　　　　　　　",01,"しまむら　　　　　　",9901
0038,"中根店　　　　　　　　　　　　　　　　　",01,"しまむら　　　　　　",9901
0039,"羽生店　　　　　　　　　　　　　　　　　",01,"しまむら　　　　　　",9901
0040,"北春日部店　　　　　　　　　　　　　　　",01,"しまむら　　　　　　",9901
0041,"八柱ＦＭ店　　　　　　　　　　　　　　　",01,"しまむら　　　　　　",9901
0042,"菖蒲　店　　　　　　　　　　　　　　　　",01,"しまむら　　　　　　",9901
0043,"坂田　店　　　　　　　　　　　　　　　　",01,"しまむら　　　　　　",9901
0044,"三橋店　　　　　　　　　　　　　　　　　",01,"しまむら　　　　　　",9901
0046,"ゆいの杜　店　　　　　　　　　　　　　　",01,"しまむら　　　　　　",9901
0047,"八幡　店　　　　　　　　　　　　　　　　",01,"しまむら　　　　　　",9901
0048,"朝日　店　　　　　　　　　　　　　　　　",01,"しまむら　　　　　　",9901
0049,"城南店　　　　　　　　　　　　　　　　　",01,"しまむら　　　　　　",9901
0051,"七里　店　　　　　　　　　　　　　　　　",01,"しまむら　　　　　　",9901
0052,"鷲宮　店　　　　　　　　　　　　　　　　",01,"しまむら　　　　　　",9901
0054,"藤岡　店　　　　　　　　　　　　　　　　",01,"しまむら　　　　　　",9901
0055,"関宿店　　　　　　　　　　　　　　　　　",01,"しまむら　　　　　　",9901
0056,"二十世紀ケ丘　店　　　　　　　　　　　　",01,"しまむら　　　　　　",9901
0057,"東大宮　店　　　　　　　　　　　　　　　",01,"しまむら　　　　　　",9901
0058,"大和田　店　　　　　　　　　　　　　　　",01,"しまむら　　　　　　",9901
0059,"戸ヶ崎　店　　　　　　　　　　　　　　　",01,"しまむら　　　　　　",9901
0060,"羽鳥　店　　　　　　　　　　　　　　　　",01,"しまむら　　　　　　",9901
0061,"明野　店　　　　　　　　　　　　　　　　",01,"しまむら　　　　　　",9901
0062,"石下　店　　　　　　　　　　　　　　　　",01,"しまむら　　　　　　",9901
0063,"鹿沼店　　　　　　　　　　　　　　　　　",01,"しまむら　　　　　　",9901
0064,"南越谷　店　　　　　　　　　　　　　　　",01,"しまむら　　　　　　",9901
0065,"岡本　店　　　　　　　　　　　　　　　　",01,"しまむら　　　　　　",9901
0066,"一ノ割　店　　　　　　　　　　　　　　　",01,"しまむら　　　　　　",9901
0067,"三室　店　　　　　　　　　　　　　　　　",01,"しまむら　　　　　　",9901
0068,"上尾本町　店　　　　　　　　　　　　　　",01,"しまむら　　　　　　",9901
0069,"吹上　店　　　　　　　　　　　　　　　　",01,"しまむら　　　　　　",9901
0070,"蓮田　店　　　　　　　　　　　　　　　　",01,"しまむら　　　　　　",9901
0071,"伊奈　店　　　　　　　　　　　　　　　　",01,"しまむら　　　　　　",9901
0072,"梅郷　店　　　　　　　　　　　　　　　　",01,"しまむら　　　　　　",9901
0074,"南平野　店　　　　　　　　　　　　　　　",01,"しまむら　　　　　　",9901
0075,"岩瀬　店　　　　　　　　　　　　　　　　",01,"しまむら　　　　　　",9901
0076,"南桜井　店　　　　　　　　　　　　　　　",01,"しまむら　　　　　　",9901
0077,"那珂ＦＭ店　　　　　　　　　　　　　　　",01,"しまむら　　　　　　",9901
0078,"岩舟　店　　　　　　　　　　　　　　　　",01,"しまむら　　　　　　",9901
0079,"若草　店　　　　　　　　　　　　　　　　",01,"しまむら　　　　　　",9901
0080,"幸手　店　　　　　　　　　　　　　　　　",01,"しまむら　　　　　　",9901
0081,"白岡　店　　　　　　　　　　　　　　　　",01,"しまむら　　　　　　",9901
0082,"千代田　店　　　　　　　　　　　　　　　",01,"しまむら　　　　　　",9901
0083,"東海　店　　　　　　　　　　　　　　　　",01,"しまむら　　　　　　",9901
0084,"伊奈店　　　　　　　　　　　　　　　　　",01,"しまむら　　　　　　",9901
0085,"北柏店　　　　　　　　　　　　　　　　　",01,"しまむら　　　　　　",9901
0086,"吉野町　店　　　　　　　　　　　　　　　",01,"しまむら　　　　　　",9901
0087,"自治医大店　　　　　　　　　　　　　　　",01,"しまむら　　　　　　",9901
0088,"石橋　店　　　　　　　　　　　　　　　　",01,"しまむら　　　　　　",9901
0089,"小川玉里　店　　　　　　　　　　　　　　",01,"しまむら　　　　　　",9901
0090,"西大宮店　　　　　　　　　　　　　　　　",01,"しまむら　　　　　　",9901
0091,"友部　店　　　　　　　　　　　　　　　　",01,"しまむら　　　　　　",9901
0092,"峯　店　　　　　　　　　　　　　　　　　",01,"しまむら　　　　　　",9901
0093,"江戸川台　店　　　　　　　　　　　　　　",01,"しまむら　　　　　　",9901
0094,"姫子店　　　　　　　　　　　　　　　　　",01,"しまむら　　　　　　",9901
0095,"常陸大宮　店　　　　　　　　　　　　　　",01,"しまむら　　　　　　",9901
0096,"瀬崎　店　　　　　　　　　　　　　　　　",01,"しまむら　　　　　　",9901
0097,"三和　店　　　　　　　　　　　　　　　　",01,"しまむら　　　　　　",9901
0098,"ビバモール加須　店　　　　　　　　　　　",01,"しまむら　　　　　　",9901
0099,"田彦　店　　　　　　　　　　　　　　　　",01,"しまむら　　　　　　",9901
0100,"高根沢　店　　　　　　　　　　　　　　　",01,"しまむら　　　　　　",9901
0101,"マーケットシティ古河店　　　　　　　　　",01,"しまむら　　　　　　",9901
0102,"栗橋店　　　　　　　　　　　　　　　　　",01,"しまむら　　　　　　",9901
0103,"吉川　店　　　　　　　　　　　　　　　　",01,"しまむら　　　　　　",9901
0105,"内原　店　　　　　　　　　　　　　　　　",01,"しまむら　　　　　　",9901
0106,"阿見店　　　　　　　　　　　　　　　　　",01,"しまむら　　　　　　",9901
0108,"南小川町店　　　　　　　　　　　　　　　",01,"しまむら　　　　　　",9901
0109,"井戸木　店　　　　　　　　　　　　　　　",01,"しまむら　　　　　　",9901
0110,"笠間　店　　　　　　　　　　　　　　　　",01,"しまむら　　　　　　",9901
0111,"東浦和　店　　　　　　　　　　　　　　　",01,"しまむら　　　　　　",9901
0112,"田沼　店　　　　　　　　　　　　　　　　",01,"しまむら　　　　　　",9901
0114,"戸田南店　　　　　　　　　　　　　　　　",01,"しまむら　　　　　　",9901
0115,"インターパークＦＭ店　　　　　　　　　　",01,"しまむら　　　　　　",9901
0116,"東我孫子ＦＭ店　　　　　　　　　　　　　",01,"しまむら　　　　　　",9901
0117,"潮来　店　　　　　　　　　　　　　　　　",01,"しまむら　　　　　　",9901
0118,"黒磯　店　　　　　　　　　　　　　　　　",01,"しまむら　　　　　　",9901
0119,"布佐　店　　　　　　　　　　　　　　　　",01,"しまむら　　　　　　",9901
0120,"野木　店　　　　　　　　　　　　　　　　",01,"しまむら　　　　　　",9901
0121,"氏家　店　　　　　　　　　　　　　　　　",01,"しまむら　　　　　　",9901
0122,"下妻　店　　　　　　　　　　　　　　　　",01,"しまむら　　　　　　",9901
0123,"谷田部店　　　　　　　　　　　　　　　　",01,"しまむら　　　　　　",9901
0124,"谷和原　店　　　　　　　　　　　　　　　",01,"しまむら　　　　　　",9901
0125,"芳賀店　　　　　　　　　　　　　　　　　",01,"しまむら　　　　　　",9901
0126,"波崎店　　　　　　　　　　　　　　　　　",01,"しまむら　　　　　　",9901
0127,"真壁　店　　　　　　　　　　　　　　　　",01,"しまむら　　　　　　",9901
0128,"越谷ツインシティ　店　　　　　　　　　　",01,"しまむら　　　　　　",9901
0129,"吉川南ＦＭ店　　　　　　　　　　　　　　",01,"しまむら　　　　　　",9901
0130,"下館　店　　　　　　　　　　　　　　　　",01,"しまむら　　　　　　",9901
0131,"幸手北ＦＭ店　　　　　　　　　　　　　　",01,"しまむら　　　　　　",9901
0132,"アクロスモール守谷ＦＭ店　　　　　　　　",01,"しまむら　　　　　　",9901
0133,"ヨークタウン石橋店　　　　　　　　　　　",01,"しまむら　　　　　　",9901
0134,"飯仲小前ＦＭ店　　　　　　　　　　　　　",01,"しまむら　　　　　　",9901
0135,"針ヶ谷　店　　　　　　　　　　　　　　　",01,"しまむら　　　　　　",9901
0136,"取手東店　　　　　　　　　　　　　　　　",01,"しまむら　　　　　　",9901
0137,"ベスタ東鷲宮店　　　　　　　　　　　　　",01,"しまむら　　　　　　",9901
0138,"佐原　店　　　　　　　　　　　　　　　　",01,"しまむら　　　　　　",9901
0139,"田尻店　　　　　　　　　　　　　　　　　",01,"しまむら　　　　　　",9901
0140,"鉾田　店　　　　　　　　　　　　　　　　",01,"しまむら　　　　　　",9901
0141,"今市　店　　　　　　　　　　　　　　　　",01,"しまむら　　　　　　",9901
0142,"牛久　店　　　　　　　　　　　　　　　　",01,"しまむら　　　　　　",9901
0143,"白山店　　　　　　　　　　　　　　　　　",01,"しまむら　　　　　　",9901
0144,"我孫子寿店　　　　　　　　　　　　　　　",01,"しまむら　　　　　　",9901
0146,"小見川　店　　　　　　　　　　　　　　　",01,"しまむら　　　　　　",9901
0147,"西那須野　店　　　　　　　　　　　　　　",01,"しまむら　　　　　　",9901
0148,"宮代店　　　　　　　　　　　　　　　　　",01,"しまむら　　　　　　",9901
0149,"六高台店　　　　　　　　　　　　　　　　",01,"しまむら　　　　　　",9901
0150,"研究学園店　　　　　　　　　　　　　　　",01,"しまむら　　　　　　",9901
0151,"ホームズ宮原ＦＭ店　　　　　　　　　　　",01,"しまむら　　　　　　",9901
0152,"藤代　店　　　　　　　　　　　　　　　　",01,"しまむら　　　　　　",9901
0153,"常陸太田店　　　　　　　　　　　　　　　",01,"しまむら　　　　　　",9901
0154,"大曽　店　　　　　　　　　　　　　　　　",01,"しまむら　　　　　　",9901
0155,"流山ＦＭ店　　　　　　　　　　　　　　　",01,"しまむら　　　　　　",9901
0156,"神峰店　　　　　　　　　　　　　　　　　",01,"しまむら　　　　　　",9901
0157,"鶴田店　　　　　　　　　　　　　　　　　",01,"しまむら　　　　　　",9901
0159,"大子店　　　　　　　　　　　　　　　　　",01,"しまむら　　　　　　",9901
0160,"矢板店　　　　　　　　　　　　　　　　　",01,"しまむら　　　　　　",9901
0161,"南与野店　　　　　　　　　　　　　　　　",01,"しまむら　　　　　　",9901
0162,"鮎川店　　　　　　　　　　　　　　　　　",01,"しまむら　　　　　　",9901
0163,"ジョイフル本田千代田　店　　　　　　　　",01,"しまむら　　　　　　",9901
0164,"錦町店　　　　　　　　　　　　　　　　　",01,"しまむら　　　　　　",9901
0165,"三郷中央店　　　　　　　　　　　　　　　",01,"しまむら　　　　　　",9901
0166,"竜ケ崎店　　　　　　　　　　　　　　　　",01,"しまむら　　　　　　",9901
0167,"益子店　　　　　　　　　　　　　　　　　",01,"しまむら　　　　　　",9901
0168,"酒々井　店　　　　　　　　　　　　　　　",01,"しまむら　　　　　　",9901
0169,"公津の杜　店　　　　　　　　　　　　　　",01,"しまむら　　　　　　",9901
0170,"富里　店　　　　　　　　　　　　　　　　",01,"しまむら　　　　　　",9901
0171,"久喜　店　　　　　　　　　　　　　　　　",01,"しまむら　　　　　　",9901
0172,"新栄　店　　　　　　　　　　　　　　　　",01,"しまむら　　　　　　",9901
0173,"安食店　　　　　　　　　　　　　　　　　",01,"しまむら　　　　　　",9901
0174,"大和田店　　　　　　　　　　　　　　　　",01,"しまむら　　　　　　",9901
0175,"銚子ＦＭ店　　　　　　　　　　　　　　　",01,"しまむら　　　　　　",9901
0176,"旭店　　　　　　　　　　　　　　　　　　",01,"しまむら　　　　　　",9901
0177,"八日市場店　　　　　　　　　　　　　　　",01,"しまむら　　　　　　",9901
0178,"岩井　店　　　　　　　　　　　　　　　　",01,"しまむら　　　　　　",9901
0179,"八街店　　　　　　　　　　　　　　　　　",01,"しまむら　　　　　　",9901
0180,"四街道店　　　　　　　　　　　　　　　　",01,"しまむら　　　　　　",9901
0181,"若松　店　　　　　　　　　　　　　　　　",01,"しまむら　　　　　　",9901
0182,"ユーカリが丘店　　　　　　　　　　　　　",01,"しまむら　　　　　　",9901
0183,"白井店　　　　　　　　　　　　　　　　　",01,"しまむら　　　　　　",9901
0184,"牧の原ＦＭ店　　　　　　　　　　　　　　",01,"しまむら　　　　　　",9901
0185,"松尾店　　　　　　　　　　　　　　　　　",01,"しまむら　　　　　　",9901
0186,"鎌ヶ谷　店　　　　　　　　　　　　　　　",01,"しまむら　　　　　　",9901
0187,"総和店　　　　　　　　　　　　　　　　　",01,"しまむら　　　　　　",9901
0188,"染井野店　　　　　　　　　　　　　　　　",01,"しまむら　　　　　　",9901
0189,"ショッピングプラザ鎌ヶ谷　店　　　　　　",01,"しまむら　　　　　　",9901
0190,"佐倉ＦＭ　店　　　　　　　　　　　　　　",01,"しまむら　　　　　　",9901
0191,"北茨城店　　　　　　　　　　　　　　　　",01,"しまむら　　　　　　",9901
0192,"喜沢店　　　　　　　　　　　　　　　　　",01,"しまむら　　　　　　",9901
0193,"西友ひたち野うしく　店　　　　　　　　　",01,"しまむら　　　　　　",9901
0194,"エクセルみなみ　店　　　　　　　　　　　",01,"しまむら　　　　　　",9901
0195,"ベニバナウォーク桶川　店　　　　　　　　",01,"しまむら　　　　　　",9901
0196,"西友与野　店　　　　　　　　　　　　　　",01,"しまむら　　　　　　",9901
0197,"二ツ木店　　　　　　　　　　　　　　　　",01,"しまむら　　　　　　",9901
0198,"アゼリアモール店　　　　　　　　　　　　",01,"しまむら　　　　　　",9901
0199,"ららぽーと柏の葉店　　　　　　　　　　　",01,"しまむら　　　　　　",9901
0200,"浦和美園店　　　　　　　　　　　　　　　",01,"しまむら　　　　　　",9901
0202,"ベルクスタウン草加谷塚店　　　　　　　　",01,"しまむら　　　　　　",9902
0203,"さいたま新都心ＦＭ店　　　　　　　　　　",01,"しまむら　　　　　　",9902
0204,"マツバラテラス店　　　　　　　　　　　　",01,"しまむら　　　　　　",9902
0205,"イトーヨーカドー三郷店　　　　　　　　　",01,"しまむら　　　　　　",9902
0206,"松伏　店　　　　　　　　　　　　　　　　",01,"しまむら　　　　　　",9902
0212,"川島　店　　　　　　　　　　　　　　　　",01,"しまむら　　　　　　",9902
0281,"ミーモ水戸店　　　　　　　　　　　　　　",01,"しまむら　　　　　　",9902
0308,"矢切駅前店　　　　　　　　　　　　　　　",01,"しまむら　　　　　　",9902
0401,"下九沢　店　　　　　　　　　　　　　　　",01,"しまむら　　　　　　",9904
0402,"富士吉田店　　　　　　　　　　　　　　　",01,"しまむら　　　　　　",9904
0403,"東町　店　　　　　　　　　　　　　　　　",01,"しまむら　　　　　　",9904
0404,"堀川　店　　　　　　　　　　　　　　　　",01,"しまむら　　　　　　",9904
0406,"岩根　店　　　　　　　　　　　　　　　　",01,"しまむら　　　　　　",9904
0407,"長浦　店　　　　　　　　　　　　　　　　",01,"しまむら　　　　　　",9904
0408,"足立入谷店　　　　　　　　　　　　　　　",01,"しまむら　　　　　　",9904
0409,"平塚横内　店　　　　　　　　　　　　　　",01,"しまむら　　　　　　",9904
0410,"愛川　店　　　　　　　　　　　　　　　　",01,"しまむら　　　　　　",9904
0411,"上大岡ＦＭ店　　　　　　　　　　　　　　",01,"しまむら　　　　　　",9904
0412,"辻堂新町店　　　　　　　　　　　　　　　",01,"しまむら　　　　　　",9904
0413,"宮野木　店　　　　　　　　　　　　　　　",01,"しまむら　　　　　　",9904
0414,"誉田　店　　　　　　　　　　　　　　　　",01,"しまむら　　　　　　",9904
0415,"三山店　　　　　　　　　　　　　　　　　",01,"しまむら　　　　　　",9904
0416,"国分寺台　店　　　　　　　　　　　　　　",01,"しまむら　　　　　　",9904
0417,"栢山ＦＭ店　　　　　　　　　　　　　　　",01,"しまむら　　　　　　",9904
0418,"塩山店　　　　　　　　　　　　　　　　　",01,"しまむら　　　　　　",9904
0419,"東金　店　　　　　　　　　　　　　　　　",01,"しまむら　　　　　　",9904
0420,"古上条店　　　　　　　　　　　　　　　　",01,"しまむら　　　　　　",9904
0421,"荻野　店　　　　　　　　　　　　　　　　",01,"しまむら　　　　　　",9904
0422,"大網　店　　　　　　　　　　　　　　　　",01,"しまむら　　　　　　",9904
0423,"津久井　店　　　　　　　　　　　　　　　",01,"しまむら　　　　　　",9904
0424,"鴨川　店　　　　　　　　　　　　　　　　",01,"しまむら　　　　　　",9904
0425,"飯山満　店　　　　　　　　　　　　　　　",01,"しまむら　　　　　　",9904
0426,"大和駅前店　　　　　　　　　　　　　　　",01,"しまむら　　　　　　",9904
0427,"綱島東　店　　　　　　　　　　　　　　　",01,"しまむら　　　　　　",9904
0428,"大原店　　　　　　　　　　　　　　　　　",01,"しまむら　　　　　　",9904
0429,"小山町　店　　　　　　　　　　　　　　　",01,"しまむら　　　　　　",9904
0430,"聖蹟桜ヶ丘オーパ店　　　　　　　　　　　",01,"しまむら　　　　　　",9904
0431,"湘南とうきゅう店　　　　　　　　　　　　",01,"しまむら　　　　　　",9904
0432,"東逗子　店　　　　　　　　　　　　　　　",01,"しまむら　　　　　　",9904
0433,"小鹿　店　　　　　　　　　　　　　　　　",01,"しまむら　　　　　　",9904
0434,"平井　店　　　　　　　　　　　　　　　　",01,"しまむら　　　　　　",9904
0435,"竜王　店　　　　　　　　　　　　　　　　",01,"しまむら　　　　　　",9904
0436,"敷島　店　　　　　　　　　　　　　　　　",01,"しまむら　　　　　　",9904
0437,"高松店　　　　　　　　　　　　　　　　　",01,"しまむら　　　　　　",9904
0438,"土気店　　　　　　　　　　　　　　　　　",01,"しまむら　　　　　　",9904
0439,"清見台店　　　　　　　　　　　　　　　　",01,"しまむら　　　　　　",9904
0440,"櫛形店　　　　　　　　　　　　　　　　　",01,"しまむら　　　　　　",9904
0441,"飯田店　　　　　　　　　　　　　　　　　",01,"しまむら　　　　　　",9904
0442,"石和　店　　　　　　　　　　　　　　　　",01,"しまむら　　　　　　",9904
0443,"大井店　　　　　　　　　　　　　　　　　",01,"しまむら　　　　　　",9904
0444,"フォルテ津田沼店　　　　　　　　　　　　",01,"しまむら　　　　　　",9904
0445,"君津店　　　　　　　　　　　　　　　　　",01,"しまむら　　　　　　",9904
0446,"増穂店　　　　　　　　　　　　　　　　　",01,"しまむら　　　　　　",9904
0447,"一宮店　　　　　　　　　　　　　　　　　",01,"しまむら　　　　　　",9904
0448,"茂原店　　　　　　　　　　　　　　　　　",01,"しまむら　　　　　　",9904
0449,"都留店　　　　　　　　　　　　　　　　　",01,"しまむら　　　　　　",9904
0450,"下鶴間店　　　　　　　　　　　　　　　　",01,"しまむら　　　　　　",9904
0451,"江戸川区役所前店　　　　　　　　　　　　",01,"しまむら　　　　　　",9904
0452,"真田店　　　　　　　　　　　　　　　　　",01,"しまむら　　　　　　",9904
0453,"富津店　　　　　　　　　　　　　　　　　",01,"しまむら　　　　　　",9904
0454,"山崎店　　　　　　　　　　　　　　　　　",01,"しまむら　　　　　　",9904
0455,"韮崎店　　　　　　　　　　　　　　　　　",01,"しまむら　　　　　　",9904
0456,"深谷町　店　　　　　　　　　　　　　　　",01,"しまむら　　　　　　",9904
0457,"西船店　　　　　　　　　　　　　　　　　",01,"しまむら　　　　　　",9904
0458,"相武台　店　　　　　　　　　　　　　　　",01,"しまむら　　　　　　",9904
0459,"本郷台店　　　　　　　　　　　　　　　　",01,"しまむら　　　　　　",9904
0460,"下田とうきゅう　店　　　　　　　　　　　",01,"しまむら　　　　　　",9904
0461,"栄町　店　　　　　　　　　　　　　　　　",01,"しまむら　　　　　　",9904
0462,"田野倉　店　　　　　　　　　　　　　　　",01,"しまむら　　　　　　",9904
0463,"大多喜店　　　　　　　　　　　　　　　　",01,"しまむら　　　　　　",9904
0464,"土支田店　　　　　　　　　　　　　　　　",01,"しまむら　　　　　　",9904
0465,"勝浦　店　　　　　　　　　　　　　　　　",01,"しまむら　　　　　　",9904
0466,"田富町　店　　　　　　　　　　　　　　　",01,"しまむら　　　　　　",9904
0467,"フォルテ行徳　店　　　　　　　　　　　　",01,"しまむら　　　　　　",9904
0468,"三崎　店　　　　　　　　　　　　　　　　",01,"しまむら　　　　　　",9904
0469,"相模大塚　店　　　　　　　　　　　　　　",01,"しまむら　　　　　　",9904
0470,"南大泉店　　　　　　　　　　　　　　　　",01,"しまむら　　　　　　",9904
0471,"星が丘　店　　　　　　　　　　　　　　　",01,"しまむら　　　　　　",9904
0472,"辰巳台　店　　　　　　　　　　　　　　　",01,"しまむら　　　　　　",9904
0473,"都賀店　　　　　　　　　　　　　　　　　",01,"しまむら　　　　　　",9904
0474,"ライフガーデン仁戸名　店　　　　　　　　",01,"しまむら　　　　　　",9904
0475,"ノジマモール横須賀　店　　　　　　　　　",01,"しまむら　　　　　　",9904
0476,"矢畑　店　　　　　　　　　　　　　　　　",01,"しまむら　　　　　　",9904
0477,"湘南台　店　　　　　　　　　　　　　　　",01,"しまむら　　　　　　",9904
0478,"西友東陽町　店　　　　　　　　　　　　　",01,"しまむら　　　　　　",9904
0479,"馬立　店　　　　　　　　　　　　　　　　",01,"しまむら　　　　　　",9904
0480,"日向山　店　　　　　　　　　　　　　　　",01,"しまむら　　　　　　",9904
0481,"ニューコースト新浦安店　　　　　　　　　",01,"しまむら　　　　　　",9904
0482,"館山　店　　　　　　　　　　　　　　　　",01,"しまむら　　　　　　",9904
0483,"作草部　店　　　　　　　　　　　　　　　",01,"しまむら　　　　　　",9904
0484,"野比　店　　　　　　　　　　　　　　　　",01,"しまむら　　　　　　",9904
0485,"ぐりーんうぉーく多摩　店　　　　　　　　",01,"しまむら　　　　　　",9904
0486,"ビアレ横浜　店　　　　　　　　　　　　　",01,"しまむら　　　　　　",9904
0487,"二宮　店　　　　　　　　　　　　　　　　",01,"しまむら　　　　　　",9904
0488,"ハーモス荏田　店　　　　　　　　　　　　",01,"しまむら　　　　　　",9904
0489,"西友大船　店　　　　　　　　　　　　　　",01,"しまむら　　　　　　",9904
0490,"高座渋谷　店　　　　　　　　　　　　　　",01,"しまむら　　　　　　",9904
0491,"豊田南店　　　　　　　　　　　　　　　　",01,"しまむら　　　　　　",9904
0492,"青柳　店　　　　　　　　　　　　　　　　",01,"しまむら　　　　　　",9904
0493,"大野台　店　　　　　　　　　　　　　　　",01,"しまむら　　　　　　",9904
0494,"ホームズ葛西　店　　　　　　　　　　　　",01,"しまむら　　　　　　",9904
0495,"富士宮店　　　　　　　　　　　　　　　　",01,"しまむら　　　　　　",9904
0496,"焼津小川　店　　　　　　　　　　　　　　",01,"しまむら　　　　　　",9904
0497,"大塚　店　　　　　　　　　　　　　　　　",01,"しまむら　　　　　　",9904
0498,"吉原　店　　　　　　　　　　　　　　　　",01,"しまむら　　　　　　",9904
0499,"住吉店　　　　　　　　　　　　　　　　　",01,"しまむら　　　　　　",9904
0500,"有東坂　店　　　　　　　　　　　　　　　",01,"しまむら　　　　　　",9904
0501,"大井川ＧＲ店　　　　　　　　　　　　　　",01,"しまむら　　　　　　",9904
0502,"相良店　　　　　　　　　　　　　　　　　",01,"しまむら　　　　　　",9904
0503,"御殿場店　　　　　　　　　　　　　　　　",01,"しまむら　　　　　　",9904
0504,"松岡　店　　　　　　　　　　　　　　　　",01,"しまむら　　　　　　",9904
0505,"函南店　　　　　　　　　　　　　　　　　",01,"しまむら　　　　　　",9904
0506,"高柳店　　　　　　　　　　　　　　　　　",01,"しまむら　　　　　　",9904
0507,"学園通り店　　　　　　　　　　　　　　　",01,"しまむら　　　　　　",9904
0508,"下川原　店　　　　　　　　　　　　　　　",01,"しまむら　　　　　　",9904
0509,"裾野　店　　　　　　　　　　　　　　　　",01,"しまむら　　　　　　",9904
0510,"谷田　店　　　　　　　　　　　　　　　　",01,"しまむら　　　　　　",9904
0511,"大仁ＦＭ店　　　　　　　　　　　　　　　",01,"しまむら　　　　　　",9904
0512,"サニーモール西葛西店　　　　　　　　　　",01,"しまむら　　　　　　",9904
0513,"島田　店　　　　　　　　　　　　　　　　",01,"しまむら　　　　　　",9904
0514,"かしわ台　店　　　　　　　　　　　　　　",01,"しまむら　　　　　　",9904
0515,"船橋日大前　店　　　　　　　　　　　　　",01,"しまむら　　　　　　",9904
0516,"下高井戸店　　　　　　　　　　　　　　　",01,"しまむら　　　　　　",9904
0517,"ＯＳＣ湘南シティ　店　　　　　　　　　　",01,"しまむら　　　　　　",9904
0518,"ホームズ新山下店　　　　　　　　　　　　",01,"しまむら　　　　　　",9904
0519,"淵野辺店　　　　　　　　　　　　　　　　",01,"しまむら　　　　　　",9904
0520,"富士南ＦＭ店　　　　　　　　　　　　　　",01,"しまむら　　　　　　",9904
0521,"仙川店　　　　　　　　　　　　　　　　　",01,"しまむら　　　　　　",9904
0522,"山王店　　　　　　　　　　　　　　　　　",01,"しまむら　　　　　　",9904
0523,"伊東店　　　　　　　　　　　　　　　　　",01,"しまむら　　　　　　",9904
0524,"四之宮店　　　　　　　　　　　　　　　　",01,"しまむら　　　　　　",9904
0525,"富士宮北店　　　　　　　　　　　　　　　",01,"しまむら　　　　　　",9904
0526,"小田原シティーモールＦＭ店　　　　　　　",01,"しまむら　　　　　　",9904
0527,"井荻店　　　　　　　　　　　　　　　　　",01,"しまむら　　　　　　",9904
0528,"名護　店　　　　　　　　　　　　　　　　",01,"しまむら　　　　　　",9904
0529,"甲府東ＦＭ店　　　　　　　　　　　　　　",01,"しまむら　　　　　　",9904
0530,"おゆみ野ＦＭ店　　　　　　　　　　　　　",01,"しまむら　　　　　　",9904
0531,"中新田店　　　　　　　　　　　　　　　　",01,"しまむら　　　　　　",9904
0532,"藤沢ＦＭ店　　　　　　　　　　　　　　　",01,"しまむら　　　　　　",9904
0533,"ホームズ新川崎店　　　　　　　　　　　　",01,"しまむら　　　　　　",9904
0534,"宮古　店　　　　　　　　　　　　　　　　",01,"しまむら　　　　　　",9904
0535,"西橋本ＦＭ店　　　　　　　　　　　　　　",01,"しまむら　　　　　　",9904
0536,"ホームズ幕張店　　　　　　　　　　　　　",01,"しまむら　　　　　　",9904
0537,"貝取店　　　　　　　　　　　　　　　　　",01,"しまむら　　　　　　",9904
0538,"八幡店　　　　　　　　　　　　　　　　　",01,"しまむら　　　　　　",9904
0539,"八重山　店　　　　　　　　　　　　　　　",01,"しまむら　　　　　　",9904
0540,"西が岡店　　　　　　　　　　　　　　　　",01,"しまむら　　　　　　",9904
0541,"石川　店　　　　　　　　　　　　　　　　",01,"しまむら　　　　　　",9904
0542,"鳥坂店　　　　　　　　　　　　　　　　　",01,"しまむら　　　　　　",9904
0543,"具志川　店　　　　　　　　　　　　　　　",01,"しまむら　　　　　　",9904
0544,"狭間店　　　　　　　　　　　　　　　　　",01,"しまむら　　　　　　",9904
0545,"糸満　店　　　　　　　　　　　　　　　　",01,"しまむら　　　　　　",9904
0546,"北谷店　　　　　　　　　　　　　　　　　",01,"しまむら　　　　　　",9904
0547,"とよみＦＭ店　　　　　　　　　　　　　　",01,"しまむら　　　　　　",9904
0548,"加平店　　　　　　　　　　　　　　　　　",01,"しまむら　　　　　　",9904
0549,"はにんす店　　　　　　　　　　　　　　　",01,"しまむら　　　　　　",9904
0550,"笠間店　　　　　　　　　　　　　　　　　",01,"しまむら　　　　　　",9904
0551,"ホームズ仙川店　　　　　　　　　　　　　",01,"しまむら　　　　　　",9904
0552,"マリンプラザあがり浜　店　　　　　　　　",01,"しまむら　　　　　　",9904
0553,"八幡店　　　　　　　　　　　　　　　　　",01,"しまむら　　　　　　",9904
0554,"桜台店　　　　　　　　　　　　　　　　　",01,"しまむら　　　　　　",9904
0555,"浮間店　　　　　　　　　　　　　　　　　",01,"しまむら　　　　　　",9904
0556,"中山　店　　　　　　　　　　　　　　　　",01,"しまむら　　　　　　",9904
0557,"椎名町　店　　　　　　　　　　　　　　　",01,"しまむら　　　　　　",9904
0558,"新横浜プリンスペペ　店　　　　　　　　　",01,"しまむら　　　　　　",9904
0559,"登戸店　　　　　　　　　　　　　　　　　",01,"しまむら　　　　　　",9904
0560,"東百合丘店　　　　　　　　　　　　　　　",01,"しまむら　　　　　　",9904
0561,"マリンピア専門館店　　　　　　　　　　　",01,"しまむら　　　　　　",9904
0562,"上足洗店　　　　　　　　　　　　　　　　",01,"しまむら　　　　　　",9904
0563,"マーケットスクエア川崎イースト店　　　　",01,"しまむら　　　　　　",9904
0564,"西台店　　　　　　　　　　　　　　　　　",01,"しまむら　　　　　　",9904
0565,"ららぽーとＴＯＫＹＯ－ＢＡＹ店　　　　　",01,"しまむら　　　　　　",9904
0566,"柿生店　　　　　　　　　　　　　　　　　",01,"しまむら　　　　　　",9904
0567,"アクロスプラザ古島駅前店　　　　　　　　",01,"しまむら　　　　　　",9904
0568,"ビバモール厚木南インター店　　　　　　　",01,"しまむら　　　　　　",9904
0569,"西友沼津店　　　　　　　　　　　　　　　",01,"しまむら　　　　　　",9904
0570,"ダイエー東大島店　　　　　　　　　　　　",01,"しまむら　　　　　　",9904
0571,"寒川店　　　　　　　　　　　　　　　　　",01,"しまむら　　　　　　",9904
0572,"西友二俣川店　　　　　　　　　　　　　　",01,"しまむら　　　　　　",9904
0573,"宮前店　　　　　　　　　　　　　　　　　",01,"しまむら　　　　　　",9904
0574,"東戸塚西口プラザ店　　　　　　　　　　　",01,"しまむら　　　　　　",9904
0575,"静岡東急スクエア店　　　　　　　　　　　",01,"しまむら　　　　　　",9904
0576,"スーパービバホーム長津田店　　　　　　　",01,"しまむら　　　　　　",9904
0577,"イオンフードスタイル船堀店　　　　　　　",01,"しまむら　　　　　　",9904
0578,"西友新北習志野店　　　　　　　　　　　　",01,"しまむら　　　　　　",9904
0579,"中野店　　　　　　　　　　　　　　　　　",01,"しまむら　　　　　　",9904
0580,"保木間店　　　　　　　　　　　　　　　　",01,"しまむら　　　　　　",9904
0581,"パサージオ西新井店　　　　　　　　　　　",01,"しまむら　　　　　　",9904
0582,"コープ葛飾白鳥店　　　　　　　　　　　　",01,"しまむら　　　　　　",9904
0583,"川崎京町店　　　　　　　　　　　　　　　",01,"しまむら　　　　　　",9904
0584,"本八幡店　　　　　　　　　　　　　　　　",01,"しまむら　　　　　　",9904
0585,"稲城店　　　　　　　　　　　　　　　　　",01,"しまむら　　　　　　",9904
0586,"和泉町店　　　　　　　　　　　　　　　　",01,"しまむら　　　　　　",9904
0587,"蒲田店　　　　　　　　　　　　　　　　　",01,"しまむら　　　　　　",9904
0588,"高田馬場店　　　　　　　　　　　　　　　",01,"しまむら　　　　　　",9904
0589,"関前店　　　　　　　　　　　　　　　　　",01,"しまむら　　　　　　",9904
0590,"ホームズ川崎大師店　　　　　　　　　　　",01,"しまむら　　　　　　",9904
0591,"三軒茶屋店　　　　　　　　　　　　　　　",01,"しまむら　　　　　　",9904
0592,"ＬａＬａテラス南千住店　　　　　　　　　",01,"しまむら　　　　　　",9904
0593,"久が原店　　　　　　　　　　　　　　　　",01,"しまむら　　　　　　",9904
0594,"まるひろ南浦和　店　　　　　　　　　　　",01,"しまむら　　　　　　",9904
0595,"港北東急Ｓ．Ｃ店　　　　　　　　　　　　",01,"しまむら　　　　　　",9904
0596,"西友大森店　　　　　　　　　　　　　　　",01,"しまむら　　　　　　",9904
0597,"津田沼パルコ　店　　　　　　　　　　　　",01,"しまむら　　　　　　",9904
0598,"新田店　　　　　　　　　　　　　　　　　",01,"しまむら　　　　　　",9904
0599,"八王子オクトーレ店　　　　　　　　　　　",01,"しまむら　　　　　　",9904
0600,"綾瀬タウンヒルズ店　　　　　　　　　　　",01,"しまむら　　　　　　",9904
0601,"戸塚モディ　店　　　　　　　　　　　　　",01,"しまむら　　　　　　",9906
0602,"小田急ＯＸ狛江　店　　　　　　　　　　　",01,"しまむら　　　　　　",9906
0603,"調布Ｔｏｋｙｕ　店　　　　　　　　　　　",01,"しまむら　　　　　　",9906
0604,"浅草ＲＯＸ・３Ｇ　店　　　　　　　　　　",01,"しまむら　　　　　　",9906
0605,"前野町店　　　　　　　　　　　　　　　　",01,"しまむら　　　　　　",9906
0606,"ピーコックストア阿佐谷店　　　　　　　　",01,"しまむら　　　　　　",9906
0607,"谷在家　店　　　　　　　　　　　　　　　",01,"しまむら　　　　　　",9906
0609,"西友成増店　　　　　　　　　　　　　　　",01,"しまむら　　　　　　",9906
0800,"しまむらポップアップ店　　　　　　　　　",01,"しまむら　　　　　　",9906
0801,"桑折　店　　　　　　　　　　　　　　　　",01,"しまむら　　　　　　",9908
0802,"大河原　店　　　　　　　　　　　　　　　",01,"しまむら　　　　　　",9908
0803,"保原　店　　　　　　　　　　　　　　　　",01,"しまむら　　　　　　",9908
0804,"小野　店　　　　　　　　　　　　　　　　",01,"しまむら　　　　　　",9908
0805,"小原田　店　　　　　　　　　　　　　　　",01,"しまむら　　　　　　",9908
0806,"笹谷　店　　　　　　　　　　　　　　　　",01,"しまむら　　　　　　",9908
0807,"船引　店　　　　　　　　　　　　　　　　",01,"しまむら　　　　　　",9908
0808,"本宮　店　　　　　　　　　　　　　　　　",01,"しまむら　　　　　　",9908
0809,"小牛田店　　　　　　　　　　　　　　　　",01,"しまむら　　　　　　",9908
0810,"鹿島台店　　　　　　　　　　　　　　　　",01,"しまむら　　　　　　",9908
0811,"河北店　　　　　　　　　　　　　　　　　",01,"しまむら　　　　　　",9908
0812,"泉ケ丘店　　　　　　　　　　　　　　　　",01,"しまむら　　　　　　",9908
0813,"二本松店　　　　　　　　　　　　　　　　",01,"しまむら　　　　　　",9908
0814,"三春店　　　　　　　　　　　　　　　　　",01,"しまむら　　　　　　",9908
0815,"寒河江店　　　　　　　　　　　　　　　　",01,"しまむら　　　　　　",9908
0816,"川俣店　　　　　　　　　　　　　　　　　",01,"しまむら　　　　　　",9908
0817,"上山店　　　　　　　　　　　　　　　　　",01,"しまむら　　　　　　",9908
0818,"元木店　　　　　　　　　　　　　　　　　",01,"しまむら　　　　　　",9908
0819,"米沢店　　　　　　　　　　　　　　　　　",01,"しまむら　　　　　　",9908
0820,"角田店　　　　　　　　　　　　　　　　　",01,"しまむら　　　　　　",9908
0821,"東根店　　　　　　　　　　　　　　　　　",01,"しまむら　　　　　　",9908
0822,"白石店　　　　　　　　　　　　　　　　　",01,"しまむら　　　　　　",9908
0823,"富田　店　　　　　　　　　　　　　　　　",01,"しまむら　　　　　　",9908
0824,"門田店　　　　　　　　　　　　　　　　　",01,"しまむら　　　　　　",9908
0825,"中新田店　　　　　　　　　　　　　　　　",01,"しまむら　　　　　　",9908
0826,"南陽店　　　　　　　　　　　　　　　　　",01,"しまむら　　　　　　",9908
0827,"錦店　　　　　　　　　　　　　　　　　　",01,"しまむら　　　　　　",9908
0828,"会津坂下店　　　　　　　　　　　　　　　",01,"しまむら　　　　　　",9908
0829,"亘理店　　　　　　　　　　　　　　　　　",01,"しまむら　　　　　　",9908
0830,"古川店　　　　　　　　　　　　　　　　　",01,"しまむら　　　　　　",9908
0831,"矢本　店　　　　　　　　　　　　　　　　",01,"しまむら　　　　　　",9908
0832,"エイトタウン相馬店　　　　　　　　　　　",01,"しまむら　　　　　　",9908
0833,"一箕町店　　　　　　　　　　　　　　　　",01,"しまむら　　　　　　",9908
0834,"谷川瀬　店　　　　　　　　　　　　　　　",01,"しまむら　　　　　　",9908
0835,"いわき鹿島店　　　　　　　　　　　　　　",01,"しまむら　　　　　　",9908
0836,"若林店　　　　　　　　　　　　　　　　　",01,"しまむら　　　　　　",9908
0837,"長井店　　　　　　　　　　　　　　　　　",01,"しまむら　　　　　　",9908
0838,"南福島店　　　　　　　　　　　　　　　　",01,"しまむら　　　　　　",9908
0839,"若柳店　　　　　　　　　　　　　　　　　",01,"しまむら　　　　　　",9908
0840,"迫　店　　　　　　　　　　　　　　　　　",01,"しまむら　　　　　　",9908
0841,"尾花沢店　　　　　　　　　　　　　　　　",01,"しまむら　　　　　　",9908
0842,"浪江店　　　　　　　　　　　　　　　　　",01,"しまむら　　　　　　",9908
0843,"築館店　　　　　　　　　　　　　　　　　",01,"しまむら　　　　　　",9908
0844,"矢吹　店　　　　　　　　　　　　　　　　",01,"しまむら　　　　　　",9908
0845,"白河　店　　　　　　　　　　　　　　　　",01,"しまむら　　　　　　",9908
0846,"郡山久留米　店　　　　　　　　　　　　　",01,"しまむら　　　　　　",9908
0847,"棚倉　店　　　　　　　　　　　　　　　　",01,"しまむら　　　　　　",9908
0848,"須賀川店　　　　　　　　　　　　　　　　",01,"しまむら　　　　　　",9908
0849,"新庄店　　　　　　　　　　　　　　　　　",01,"しまむら　　　　　　",9908
0850,"八島田店　　　　　　　　　　　　　　　　",01,"しまむら　　　　　　",9908
0851,"若葉ＦＭ店　　　　　　　　　　　　　　　",01,"しまむら　　　　　　",9908
0852,"六丁の目ＦＭ店　　　　　　　　　　　　　",01,"しまむら　　　　　　",9908
0853,"愛子ＦＭ店　　　　　　　　　　　　　　　",01,"しまむら　　　　　　",9908
0854,"原町店　　　　　　　　　　　　　　　　　",01,"しまむら　　　　　　",9908
0855,"コスモス通り店　　　　　　　　　　　　　",01,"しまむら　　　　　　",9908
0856,"高砂店　　　　　　　　　　　　　　　　　",01,"しまむら　　　　　　",9908
0857,"中田店　　　　　　　　　　　　　　　　　",01,"しまむら　　　　　　",9908
0858,"富岡店　　　　　　　　　　　　　　　　　",01,"しまむら　　　　　　",9908
0859,"喜多方店　　　　　　　　　　　　　　　　",01,"しまむら　　　　　　",9908
0860,"猪苗代店　　　　　　　　　　　　　　　　",01,"しまむら　　　　　　",9908
0861,"柴田店　　　　　　　　　　　　　　　　　",01,"しまむら　　　　　　",9908
0862,"岩沼店　　　　　　　　　　　　　　　　　",01,"しまむら　　　　　　",9908
0863,"鎌田店　　　　　　　　　　　　　　　　　",01,"しまむら　　　　　　",9908
0864,"高橋店　　　　　　　　　　　　　　　　　",01,"しまむら　　　　　　",9908
0865,"名取店　　　　　　　　　　　　　　　　　",01,"しまむら　　　　　　",9908
0866,"小名浜ＦＭ店　　　　　　　　　　　　　　",01,"しまむら　　　　　　",9908
0867,"天童ＦＭ　店　　　　　　　　　　　　　　",01,"しまむら　　　　　　",9908
0868,"松森　店　　　　　　　　　　　　　　　　",01,"しまむら　　　　　　",9908
0869,"村山　店　　　　　　　　　　　　　　　　",01,"しまむら　　　　　　",9908
0870,"大和　店　　　　　　　　　　　　　　　　",01,"しまむら　　　　　　",9908
0871,"田島　店　　　　　　　　　　　　　　　　",01,"しまむら　　　　　　",9908
0872,"大橋　店　　　　　　　　　　　　　　　　",01,"しまむら　　　　　　",9908
0873,"野田　店　　　　　　　　　　　　　　　　",01,"しまむら　　　　　　",9908
0874,"岩沼西　店　　　　　　　　　　　　　　　",01,"しまむら　　　　　　",9908
0875,"石川　店　　　　　　　　　　　　　　　　",01,"しまむら　　　　　　",9908
0876,"岩切　店　　　　　　　　　　　　　　　　",01,"しまむら　　　　　　",9908
0877,"いわき湯本　店　　　　　　　　　　　　　",01,"しまむら　　　　　　",9908
0878,"塩釜　店　　　　　　　　　　　　　　　　",01,"しまむら　　　　　　",9908
0879,"平　店　　　　　　　　　　　　　　　　　",01,"しまむら　　　　　　",9908
0880,"嶋ＦＭ　店　　　　　　　　　　　　　　　",01,"しまむら　　　　　　",9908
0881,"メガステージ須賀川ＦＭ店　　　　　　　　",01,"しまむら　　　　　　",9908
0882,"高森店　　　　　　　　　　　　　　　　　",01,"しまむら　　　　　　",9908
0883,"塩釜北ＦＭ店　　　　　　　　　　　　　　",01,"しまむら　　　　　　",9908
0884,"石巻ＦＭ店　　　　　　　　　　　　　　　",01,"しまむら　　　　　　",9908
0885,"ヨークタウン長町店　　　　　　　　　　　",01,"しまむら　　　　　　",9908
0886,"中山ＦＭ　店　　　　　　　　　　　　　　",01,"しまむら　　　　　　",9908
0887,"セルバテラス店　　　　　　　　　　　　　",01,"しまむら　　　　　　",9908
0888,"フレスポ富沢店　　　　　　　　　　　　　",01,"しまむら　　　　　　",9908
0901,"平賀店　　　　　　　　　　　　　　　　　",01,"しまむら　　　　　　",9909
0902,"宮古　店　　　　　　　　　　　　　　　　",01,"しまむら　　　　　　",9909
0903,"三沢店　　　　　　　　　　　　　　　　　",01,"しまむら　　　　　　",9909
0904,"江刺店　　　　　　　　　　　　　　　　　",01,"しまむら　　　　　　",9909
0905,"盛岡南　店　　　　　　　　　　　　　　　",01,"しまむら　　　　　　",9909
0906,"紫波店　　　　　　　　　　　　　　　　　",01,"しまむら　　　　　　",9909
0907,"気仙沼店　　　　　　　　　　　　　　　　",01,"しまむら　　　　　　",9909
0908,"浜館店　　　　　　　　　　　　　　　　　",01,"しまむら　　　　　　",9909
0909,"久慈店　　　　　　　　　　　　　　　　　",01,"しまむら　　　　　　",9909
0910,"根城店　　　　　　　　　　　　　　　　　",01,"しまむら　　　　　　",9909
0911,"二戸店　　　　　　　　　　　　　　　　　",01,"しまむら　　　　　　",9909
0912,"新城店　　　　　　　　　　　　　　　　　",01,"しまむら　　　　　　",9909
0913,"仁賀保店　　　　　　　　　　　　　　　　",01,"しまむら　　　　　　",9909
0914,"みたけ　店　　　　　　　　　　　　　　　",01,"しまむら　　　　　　",9909
0915,"外旭川店　　　　　　　　　　　　　　　　",01,"しまむら　　　　　　",9909
0916,"一関いわいＳＣ店　　　　　　　　　　　　",01,"しまむら　　　　　　",9909
0917,"柏　店　　　　　　　　　　　　　　　　　",01,"しまむら　　　　　　",9909
0918,"むつ店　　　　　　　　　　　　　　　　　",01,"しまむら　　　　　　",9909
0919,"野辺地店　　　　　　　　　　　　　　　　",01,"しまむら　　　　　　",9909
0920,"下田店　　　　　　　　　　　　　　　　　",01,"しまむら　　　　　　",9909
0921,"秋田卸町　店　　　　　　　　　　　　　　",01,"しまむら　　　　　　",9909
0922,"安原　店　　　　　　　　　　　　　　　　",01,"しまむら　　　　　　",9909
0923,"城東高田　店　　　　　　　　　　　　　　",01,"しまむら　　　　　　",9909
0924,"板柳　店　　　　　　　　　　　　　　　　",01,"しまむら　　　　　　",9909
0925,"南部　店　　　　　　　　　　　　　　　　",01,"しまむら　　　　　　",9909
0926,"能代店　　　　　　　　　　　　　　　　　",01,"しまむら　　　　　　",9909
0927,"階上　店　　　　　　　　　　　　　　　　",01,"しまむら　　　　　　",9909
0928,"浪岡　店　　　　　　　　　　　　　　　　",01,"しまむら　　　　　　",9909
0929,"十文字店　　　　　　　　　　　　　　　　",01,"しまむら　　　　　　",9909
0930,"下長　店　　　　　　　　　　　　　　　　",01,"しまむら　　　　　　",9909
0931,"天王　店　　　　　　　　　　　　　　　　",01,"しまむら　　　　　　",9909
0932,"水沢店　　　　　　　　　　　　　　　　　",01,"しまむら　　　　　　",9909
0933,"角館店　　　　　　　　　　　　　　　　　",01,"しまむら　　　　　　",9909
0934,"大館店　　　　　　　　　　　　　　　　　",01,"しまむら　　　　　　",9909
0935,"花巻店　　　　　　　　　　　　　　　　　",01,"しまむら　　　　　　",9909
0936,"十和田店　　　　　　　　　　　　　　　　",01,"しまむら　　　　　　",9909
0937,"向外瀬店　　　　　　　　　　　　　　　　",01,"しまむら　　　　　　",9909
0938,"本荘　店　　　　　　　　　　　　　　　　",01,"しまむら　　　　　　",9909
0939,"北上店　　　　　　　　　　　　　　　　　",01,"しまむら　　　　　　",9909
0940,"大曲　店　　　　　　　　　　　　　　　　",01,"しまむら　　　　　　",9909
0941,"西根　店　　　　　　　　　　　　　　　　",01,"しまむら　　　　　　",9909
0942,"井川店　　　　　　　　　　　　　　　　　",01,"しまむら　　　　　　",9909
0943,"大船渡店　　　　　　　　　　　　　　　　",01,"しまむら　　　　　　",9909
0944,"湯沢店　　　　　　　　　　　　　　　　　",01,"しまむら　　　　　　",9909
0945,"鹿角店　　　　　　　　　　　　　　　　　",01,"しまむら　　　　　　",9909
0946,"五所川原店　　　　　　　　　　　　　　　",01,"しまむら　　　　　　",9909
0947,"遠野店　　　　　　　　　　　　　　　　　",01,"しまむら　　　　　　",9909
0948,"黒石店　　　　　　　　　　　　　　　　　",01,"しまむら　　　　　　",9909
0949,"横手店　　　　　　　　　　　　　　　　　",01,"しまむら　　　　　　",9909
0950,"田向　店　　　　　　　　　　　　　　　　",01,"しまむら　　　　　　",9909
0951,"青森中央店　　　　　　　　　　　　　　　",01,"しまむら　　　　　　",9909
0952,"大曲北店　　　　　　　　　　　　　　　　",01,"しまむら　　　　　　",9909
0953,"イオンタウンたかのす店　　　　　　　　　",01,"しまむら　　　　　　",9909
0954,"山田店　　　　　　　　　　　　　　　　　",01,"しまむら　　　　　　",9909
0955,"不動店　　　　　　　　　　　　　　　　　",01,"しまむら　　　　　　",9909
0956,"松園店　　　　　　　　　　　　　　　　　",01,"しまむら　　　　　　",9909
0957,"北上北ＦＭ店　　　　　　　　　　　　　　",01,"しまむら　　　　　　",9909
0958,"八戸ＮＴＦＭ店　　　　　　　　　　　　　",01,"しまむら　　　　　　",9909
0959,"桜ガ丘店　　　　　　　　　　　　　　　　",01,"しまむら　　　　　　",9909
0960,"盛南ＦＭ店　　　　　　　　　　　　　　　",01,"しまむら　　　　　　",9909
0961,"陸前高田店　　　　　　　　　　　　　　　",01,"しまむら　　　　　　",9909
1001,"掛川　店　　　　　　　　　　　　　　　　",01,"しまむら　　　　　　",9910
1002,"福田　店　　　　　　　　　　　　　　　　",01,"しまむら　　　　　　",9910
1003,"磐田南　店　　　　　　　　　　　　　　　",01,"しまむら　　　　　　",9910
1004,"市野店　　　　　　　　　　　　　　　　　",01,"しまむら　　　　　　",9910
1005,"高茶屋店　　　　　　　　　　　　　　　　",01,"しまむら　　　　　　",9910
1006,"豊橋南プラザ　店　　　　　　　　　　　　",01,"しまむら　　　　　　",9910
1007,"浜岡　店　　　　　　　　　　　　　　　　",01,"しまむら　　　　　　",9910
1008,"袋井　店　　　　　　　　　　　　　　　　",01,"しまむら　　　　　　",9910
1011,"新宮　店　　　　　　　　　　　　　　　　",01,"しまむら　　　　　　",9910
1012,"細江　店　　　　　　　　　　　　　　　　",01,"しまむら　　　　　　",9910
1014,"蒲郡店　　　　　　　　　　　　　　　　　",01,"しまむら　　　　　　",9910
1015,"長久手ＦＭ店　　　　　　　　　　　　　　",01,"しまむら　　　　　　",9910
1016,"牧野　店　　　　　　　　　　　　　　　　",01,"しまむら　　　　　　",9910
1017,"東員店　　　　　　　　　　　　　　　　　",01,"しまむら　　　　　　",9910
1018,"笹川店　　　　　　　　　　　　　　　　　",01,"しまむら　　　　　　",9910
1019,"一色店　　　　　　　　　　　　　　　　　",01,"しまむら　　　　　　",9910
1020,"西小鷹野　店　　　　　　　　　　　　　　",01,"しまむら　　　　　　",9910
1021,"北方店　　　　　　　　　　　　　　　　　",01,"しまむら　　　　　　",9910
1022,"高浜店　　　　　　　　　　　　　　　　　",01,"しまむら　　　　　　",9910
1023,"白子店　　　　　　　　　　　　　　　　　",01,"しまむら　　　　　　",9910
1024,"東方店　　　　　　　　　　　　　　　　　",01,"しまむら　　　　　　",9910
1025,"碧南店　　　　　　　　　　　　　　　　　",01,"しまむら　　　　　　",9910
1026,"牧御堂店　　　　　　　　　　　　　　　　",01,"しまむら　　　　　　",9910
1027,"栄ノバ店　　　　　　　　　　　　　　　　",01,"しまむら　　　　　　",9910
1028,"飯村店　　　　　　　　　　　　　　　　　",01,"しまむら　　　　　　",9910
1029,"木賀店　　　　　　　　　　　　　　　　　",01,"しまむら　　　　　　",9910
1030,"多治見店　　　　　　　　　　　　　　　　",01,"しまむら　　　　　　",9910
1031,"田原　店　　　　　　　　　　　　　　　　",01,"しまむら　　　　　　",9910
1032,"高丘店　　　　　　　　　　　　　　　　　",01,"しまむら　　　　　　",9910
1033,"阿児　店　　　　　　　　　　　　　　　　",01,"しまむら　　　　　　",9910
1034,"知多店　　　　　　　　　　　　　　　　　",01,"しまむら　　　　　　",9910
1035,"新城店　　　　　　　　　　　　　　　　　",01,"しまむら　　　　　　",9910
1036,"ヤマナカ岡崎北店　　　　　　　　　　　　",01,"しまむら　　　　　　",9910
1037,"新居店　　　　　　　　　　　　　　　　　",01,"しまむら　　　　　　",9910
1038,"久居店　　　　　　　　　　　　　　　　　",01,"しまむら　　　　　　",9910
1039,"武豊店　　　　　　　　　　　　　　　　　",01,"しまむら　　　　　　",9910
1040,"三河安城店　　　　　　　　　　　　　　　",01,"しまむら　　　　　　",9910
1041,"恵那店　　　　　　　　　　　　　　　　　",01,"しまむら　　　　　　",9910
1042,"豊川店　　　　　　　　　　　　　　　　　",01,"しまむら　　　　　　",9910
1043,"四日市中央店　　　　　　　　　　　　　　",01,"しまむら　　　　　　",9910
1044,"アクロスプラザ扶桑店　　　　　　　　　　",01,"しまむら　　　　　　",9910
1046,"平針　店　　　　　　　　　　　　　　　　",01,"しまむら　　　　　　",9910
1047,"アクロスプラザ稲沢　店　　　　　　　　　",01,"しまむら　　　　　　",9910
1048,"シャンピアポート店　　　　　　　　　　　",01,"しまむら　　　　　　",9910
1049,"西尾店　　　　　　　　　　　　　　　　　",01,"しまむら　　　　　　",9910
1052,"御薗　店　　　　　　　　　　　　　　　　",01,"しまむら　　　　　　",9910
1054,"南濃　店　　　　　　　　　　　　　　　　",01,"しまむら　　　　　　",9910
1055,"春日井　店　　　　　　　　　　　　　　　",01,"しまむら　　　　　　",9910
1056,"玉城店　　　　　　　　　　　　　　　　　",01,"しまむら　　　　　　",9910
1057,"磐田店　　　　　　　　　　　　　　　　　",01,"しまむら　　　　　　",9910
1058,"可児店　　　　　　　　　　　　　　　　　",01,"しまむら　　　　　　",9910
1059,"半田店　　　　　　　　　　　　　　　　　",01,"しまむら　　　　　　",9910
1060,"芸濃店　　　　　　　　　　　　　　　　　",01,"しまむら　　　　　　",9910
1061,"イオンタウン鈴鹿店　　　　　　　　　　　",01,"しまむら　　　　　　",9910
1062,"浜北　店　　　　　　　　　　　　　　　　",01,"しまむら　　　　　　",9910
1063,"美濃加茂店　　　　　　　　　　　　　　　",01,"しまむら　　　　　　",9910
1064,"土岐店　　　　　　　　　　　　　　　　　",01,"しまむら　　　　　　",9910
1065,"野田店　　　　　　　　　　　　　　　　　",01,"しまむら　　　　　　",9910
1066,"竜洋　店　　　　　　　　　　　　　　　　",01,"しまむら　　　　　　",9910
1067,"幸田店　　　　　　　　　　　　　　　　　",01,"しまむら　　　　　　",9910
1068,"新生店　　　　　　　　　　　　　　　　　",01,"しまむら　　　　　　",9910
1069,"守山店　　　　　　　　　　　　　　　　　",01,"しまむら　　　　　　",9910
1070,"河芸店　　　　　　　　　　　　　　　　　",01,"しまむら　　　　　　",9910
1071,"桶狭間店　　　　　　　　　　　　　　　　",01,"しまむら　　　　　　",9910
1072,"北外山店　　　　　　　　　　　　　　　　",01,"しまむら　　　　　　",9910
1073,"瀬戸店　　　　　　　　　　　　　　　　　",01,"しまむら　　　　　　",9910
1074,"篠原橋東　店　　　　　　　　　　　　　　",01,"しまむら　　　　　　",9910
1075,"松阪北ＦＭ店　　　　　　　　　　　　　　",01,"しまむら　　　　　　",9910
1076,"荒尾店　　　　　　　　　　　　　　　　　",01,"しまむら　　　　　　",9910
1077,"名張店　　　　　　　　　　　　　　　　　",01,"しまむら　　　　　　",9910
1078,"参野店　　　　　　　　　　　　　　　　　",01,"しまむら　　　　　　",9910
1079,"菰野店　　　　　　　　　　　　　　　　　",01,"しまむら　　　　　　",9910
1080,"美合ＦＭ　店　　　　　　　　　　　　　　",01,"しまむら　　　　　　",9910
1081,"日進　店　　　　　　　　　　　　　　　　",01,"しまむら　　　　　　",9910
1082,"リソラ大府ＦＭ店　　　　　　　　　　　　",01,"しまむら　　　　　　",9910
1083,"上津部田店　　　　　　　　　　　　　　　",01,"しまむら　　　　　　",9910
1084,"藤が丘　店　　　　　　　　　　　　　　　",01,"しまむら　　　　　　",9910
1085,"亀山店　　　　　　　　　　　　　　　　　",01,"しまむら　　　　　　",9910
1086,"佐屋店　　　　　　　　　　　　　　　　　",01,"しまむら　　　　　　",9910
1087,"音羽店　　　　　　　　　　　　　　　　　",01,"しまむら　　　　　　",9910
1088,"豊田ＧＡＺＡ店　　　　　　　　　　　　　",01,"しまむら　　　　　　",9910
1089,"松阪南ＦＭ店　　　　　　　　　　　　　　",01,"しまむら　　　　　　",9910
1090,"常滑店　　　　　　　　　　　　　　　　　",01,"しまむら　　　　　　",9910
1091,"常滑北店　　　　　　　　　　　　　　　　",01,"しまむら　　　　　　",9910
1092,"則武店　　　　　　　　　　　　　　　　　",01,"しまむら　　　　　　",9910
1093,"東浦店　　　　　　　　　　　　　　　　　",01,"しまむら　　　　　　",9910
1094,"上野　店　　　　　　　　　　　　　　　　",01,"しまむら　　　　　　",9910
1095,"浄水店　　　　　　　　　　　　　　　　　",01,"しまむら　　　　　　",9910
1096,"水広下店　　　　　　　　　　　　　　　　",01,"しまむら　　　　　　",9910
1097,"東海通　店　　　　　　　　　　　　　　　",01,"しまむら　　　　　　",9910
1098,"大林店　　　　　　　　　　　　　　　　　",01,"しまむら　　　　　　",9910
1099,"入野ＦＭ店　　　　　　　　　　　　　　　",01,"しまむら　　　　　　",9910
1100,"春日井西　店　　　　　　　　　　　　　　",01,"しまむら　　　　　　",9910
1101,"尾西　店　　　　　　　　　　　　　　　　",01,"しまむら　　　　　　",9911
1102,"勝幡　店　　　　　　　　　　　　　　　　",01,"しまむら　　　　　　",9911
1103,"なるぱーく店　　　　　　　　　　　　　　",01,"しまむら　　　　　　",9911
1104,"桜井店　　　　　　　　　　　　　　　　　",01,"しまむら　　　　　　",9911
1105,"富吉　店　　　　　　　　　　　　　　　　",01,"しまむら　　　　　　",9911
1106,"菊川　店　　　　　　　　　　　　　　　　",01,"しまむら　　　　　　",9911
1107,"知立店　　　　　　　　　　　　　　　　　",01,"しまむら　　　　　　",9911
1108,"美浜　店　　　　　　　　　　　　　　　　",01,"しまむら　　　　　　",9911
1109,"十一屋店　　　　　　　　　　　　　　　　",01,"しまむら　　　　　　",9911
1110,"中津川店　　　　　　　　　　　　　　　　",01,"しまむら　　　　　　",9911
1111,"ビバモール名古屋南店　　　　　　　　　　",01,"しまむら　　　　　　",9911
1112,"熊野　店　　　　　　　　　　　　　　　　",01,"しまむら　　　　　　",9911
1113,"ピアゴ西城店　　　　　　　　　　　　　　",01,"しまむら　　　　　　",9911
1114,"中川富田店　　　　　　　　　　　　　　　",01,"しまむら　　　　　　",9911
1115,"久保一色店　　　　　　　　　　　　　　　",01,"しまむら　　　　　　",9911
1116,"稲沢ハーモニーランド店　　　　　　　　　",01,"しまむら　　　　　　",9911
1117,"アズタウン千音寺店　　　　　　　　　　　",01,"しまむら　　　　　　",9911
1118,"祖父江店　　　　　　　　　　　　　　　　",01,"しまむら　　　　　　",9911
1119,"福徳店　　　　　　　　　　　　　　　　　",01,"しまむら　　　　　　",9911
1120,"みよしＦＭ店　　　　　　　　　　　　　　",01,"しまむら　　　　　　",9911
1121,"西春店　　　　　　　　　　　　　　　　　",01,"しまむら　　　　　　",9911
1200,"しまむらＥＣ店　　　　　　　　　　　　　",01,"しまむら　　　　　　",9911
1201,"千歳店　　　　　　　　　　　　　　　　　",01,"しまむら　　　　　　",9912
1202,"新琴似店　　　　　　　　　　　　　　　　",01,"しまむら　　　　　　",9912
1203,"清田店　　　　　　　　　　　　　　　　　",01,"しまむら　　　　　　",9912
1204,"江別店　　　　　　　　　　　　　　　　　",01,"しまむら　　　　　　",9912
1205,"岩見沢店　　　　　　　　　　　　　　　　",01,"しまむら　　　　　　",9912
1206,"滝川店　　　　　　　　　　　　　　　　　",01,"しまむら　　　　　　",9912
1207,"星置店　　　　　　　　　　　　　　　　　",01,"しまむら　　　　　　",9912
1208,"西神楽店　　　　　　　　　　　　　　　　",01,"しまむら　　　　　　",9912
1209,"桔梗店　　　　　　　　　　　　　　　　　",01,"しまむら　　　　　　",9912
1210,"上磯店　　　　　　　　　　　　　　　　　",01,"しまむら　　　　　　",9912
1211,"篠路店　　　　　　　　　　　　　　　　　",01,"しまむら　　　　　　",9912
1212,"登別ＦＭ店　　　　　　　　　　　　　　　",01,"しまむら　　　　　　",9912
1213,"神居店　　　　　　　　　　　　　　　　　",01,"しまむら　　　　　　",9912
1214,"東山店　　　　　　　　　　　　　　　　　",01,"しまむら　　　　　　",9912
1215,"西帯広店　　　　　　　　　　　　　　　　",01,"しまむら　　　　　　",9912
1216,"昭和　店　　　　　　　　　　　　　　　　",01,"しまむら　　　　　　",9912
1217,"札内店　　　　　　　　　　　　　　　　　",01,"しまむら　　　　　　",9912
1218,"石狩ＦＭ店　　　　　　　　　　　　　　　",01,"しまむら　　　　　　",9912
1219,"留萌店　　　　　　　　　　　　　　　　　",01,"しまむら　　　　　　",9912
1220,"苗穂店　　　　　　　　　　　　　　　　　",01,"しまむら　　　　　　",9912
1221,"余市店　　　　　　　　　　　　　　　　　",01,"しまむら　　　　　　",9912
1222,"弥生店　　　　　　　　　　　　　　　　　",01,"しまむら　　　　　　",9912
1223,"恵庭店　　　　　　　　　　　　　　　　　",01,"しまむら　　　　　　",9912
1224,"名寄店　　　　　　　　　　　　　　　　　",01,"しまむら　　　　　　",9912
1225,"深川店　　　　　　　　　　　　　　　　　",01,"しまむら　　　　　　",9912
1226,"永山　店　　　　　　　　　　　　　　　　",01,"しまむら　　　　　　",9912
1227,"伊達　店　　　　　　　　　　　　　　　　",01,"しまむら　　　　　　",9912
1228,"北見メッセ　店　　　　　　　　　　　　　",01,"しまむら　　　　　　",9912
1229,"音更　店　　　　　　　　　　　　　　　　",01,"しまむら　　　　　　",9912
1230,"遠軽　店　　　　　　　　　　　　　　　　",01,"しまむら　　　　　　",9912
1231,"美幌　店　　　　　　　　　　　　　　　　",01,"しまむら　　　　　　",9912
1232,"紋別　店　　　　　　　　　　　　　　　　",01,"しまむら　　　　　　",9912
1233,"春採　店　　　　　　　　　　　　　　　　",01,"しまむら　　　　　　",9912
1234,"静内　店　　　　　　　　　　　　　　　　",01,"しまむら　　　　　　",9912
1235,"栗山　店　　　　　　　　　　　　　　　　",01,"しまむら　　　　　　",9912
1236,"共和　店　　　　　　　　　　　　　　　　",01,"しまむら　　　　　　",9912
1237,"苫小牧　店　　　　　　　　　　　　　　　",01,"しまむら　　　　　　",9912
1238,"森　店　　　　　　　　　　　　　　　　　",01,"しまむら　　　　　　",9912
1239,"富良野　店　　　　　　　　　　　　　　　",01,"しまむら　　　　　　",9912
1240,"中標津ＦＭ　店　　　　　　　　　　　　　",01,"しまむら　　　　　　",9912
1241,"美唄　店　　　　　　　　　　　　　　　　",01,"しまむら　　　　　　",9912
1242,"厚別東　店　　　　　　　　　　　　　　　",01,"しまむら　　　　　　",9912
1243,"稚内　店　　　　　　　　　　　　　　　　",01,"しまむら　　　　　　",9912
1244,"西岡　店　　　　　　　　　　　　　　　　",01,"しまむら　　　　　　",9912
1245,"川端　店　　　　　　　　　　　　　　　　",01,"しまむら　　　　　　",9912
1246,"北広島　店　　　　　　　　　　　　　　　",01,"しまむら　　　　　　",9912
1247,"モルエ中島店　　　　　　　　　　　　　　",01,"しまむら　　　　　　",9912
1248,"光洋店　　　　　　　　　　　　　　　　　",01,"しまむら　　　　　　",9912
1249,"江差店　　　　　　　　　　　　　　　　　",01,"しまむら　　　　　　",9912
1250,"豊平店　　　　　　　　　　　　　　　　　",01,"しまむら　　　　　　",9912
1251,"網走店　　　　　　　　　　　　　　　　　",01,"しまむら　　　　　　",9912
1252,"栄町店　　　　　　　　　　　　　　　　　",01,"しまむら　　　　　　",9912
1253,"フレスポ戸倉店　　　　　　　　　　　　　",01,"しまむら　　　　　　",9912
1254,"星が浦店　　　　　　　　　　　　　　　　",01,"しまむら　　　　　　",9912
1255,"士別店　　　　　　　　　　　　　　　　　",01,"しまむら　　　　　　",9912
1256,"長橋店　　　　　　　　　　　　　　　　　",01,"しまむら　　　　　　",9912
1257,"西宮の沢ＦＭ店　　　　　　　　　　　　　",01,"しまむら　　　　　　",9912
1258,"柏陽店　　　　　　　　　　　　　　　　　",01,"しまむら　　　　　　",9912
1259,"柏林台店　　　　　　　　　　　　　　　　",01,"しまむら　　　　　　",9912
1260,"藤野店　　　　　　　　　　　　　　　　　",01,"しまむら　　　　　　",9912
1261,"フレスポ木場店　　　　　　　　　　　　　",01,"しまむら　　　　　　",9912
1262,"ウイングベイ小樽　店　　　　　　　　　　",01,"しまむら　　　　　　",9912
1263,"大森町店　　　　　　　　　　　　　　　　",01,"しまむら　　　　　　",9912
1264,"根室店　　　　　　　　　　　　　　　　　",01,"しまむら　　　　　　",9912
1265,"イオン西町店　　　　　　　　　　　　　　",01,"しまむら　　　　　　",9912
1266,"八雲店　　　　　　　　　　　　　　　　　",01,"しまむら　　　　　　",9912
1267,"イオン旭ヶ丘店　　　　　　　　　　　　　",01,"しまむら　　　　　　",9912
1268,"ラソラ札幌店　　　　　　　　　　　　　　",01,"しまむら　　　　　　",9912
1269,"キャポ大谷地店　　　　　　　　　　　　　",01,"しまむら　　　　　　",9912
1301,"滑川店　　　　　　　　　　　　　　　　　",01,"しまむら　　　　　　",9913
1302,"砺波店　　　　　　　　　　　　　　　　　",01,"しまむら　　　　　　",9913
1303,"内免店　　　　　　　　　　　　　　　　　",01,"しまむら　　　　　　",9913
1304,"魚津店　　　　　　　　　　　　　　　　　",01,"しまむら　　　　　　",9913
1305,"羽根　店　　　　　　　　　　　　　　　　",01,"しまむら　　　　　　",9913
1306,"高富店　　　　　　　　　　　　　　　　　",01,"しまむら　　　　　　",9913
1307,"氷見店　　　　　　　　　　　　　　　　　",01,"しまむら　　　　　　",9913
1308,"西長江店　　　　　　　　　　　　　　　　",01,"しまむら　　　　　　",9913
1309,"新湊店　　　　　　　　　　　　　　　　　",01,"しまむら　　　　　　",9913
1310,"関店　　　　　　　　　　　　　　　　　　",01,"しまむら　　　　　　",9913
1311,"小杉店　　　　　　　　　　　　　　　　　",01,"しまむら　　　　　　",9913
1312,"上市店　　　　　　　　　　　　　　　　　",01,"しまむら　　　　　　",9913
1313,"福光店　　　　　　　　　　　　　　　　　",01,"しまむら　　　　　　",9913
1314,"北の森店　　　　　　　　　　　　　　　　",01,"しまむら　　　　　　",9913
1315,"大沢野　店　　　　　　　　　　　　　　　",01,"しまむら　　　　　　",9913
1316,"入善店　　　　　　　　　　　　　　　　　",01,"しまむら　　　　　　",9913
1317,"大垣南　店　　　　　　　　　　　　　　　",01,"しまむら　　　　　　",9913
1318,"寺井　店　　　　　　　　　　　　　　　　",01,"しまむら　　　　　　",9913
1319,"堀川店　　　　　　　　　　　　　　　　　",01,"しまむら　　　　　　",9913
1320,"三納店　　　　　　　　　　　　　　　　　",01,"しまむら　　　　　　",9913
1321,"黒部店　　　　　　　　　　　　　　　　　",01,"しまむら　　　　　　",9913
1322,"押越店　　　　　　　　　　　　　　　　　",01,"しまむら　　　　　　",9913
1323,"西友桂店　　　　　　　　　　　　　　　　",01,"しまむら　　　　　　",9913
1324,"符津店　　　　　　　　　　　　　　　　　",01,"しまむら　　　　　　",9913
1325,"加賀店　　　　　　　　　　　　　　　　　",01,"しまむら　　　　　　",9913
1326,"若杉店　　　　　　　　　　　　　　　　　",01,"しまむら　　　　　　",9913
1327,"高柳ＦＭ店　　　　　　　　　　　　　　　",01,"しまむら　　　　　　",9913
1328,"入江店　　　　　　　　　　　　　　　　　",01,"しまむら　　　　　　",9913
1329,"各務原店　　　　　　　　　　　　　　　　",01,"しまむら　　　　　　",9913
1330,"鶴来　店　　　　　　　　　　　　　　　　",01,"しまむら　　　　　　",9913
1331,"小矢部店　　　　　　　　　　　　　　　　",01,"しまむら　　　　　　",9913
1332,"鯖江店　　　　　　　　　　　　　　　　　",01,"しまむら　　　　　　",9913
1333,"大野店　　　　　　　　　　　　　　　　　",01,"しまむら　　　　　　",9913
1334,"若杉　店　　　　　　　　　　　　　　　　",01,"しまむら　　　　　　",9913
1335,"敦賀ＦＭ店　　　　　　　　　　　　　　　",01,"しまむら　　　　　　",9913
1336,"三国店　　　　　　　　　　　　　　　　　",01,"しまむら　　　　　　",9913
1337,"丸岡店　　　　　　　　　　　　　　　　　",01,"しまむら　　　　　　",9913
1338,"武生店　　　　　　　　　　　　　　　　　",01,"しまむら　　　　　　",9913
1339,"勝山店　　　　　　　　　　　　　　　　　",01,"しまむら　　　　　　",9913
1340,"森田店　　　　　　　　　　　　　　　　　",01,"しまむら　　　　　　",9913
1341,"津幡店　　　　　　　　　　　　　　　　　",01,"しまむら　　　　　　",9913
1342,"八日市ＦＭ店　　　　　　　　　　　　　　",01,"しまむら　　　　　　",9913
1343,"彦根店　　　　　　　　　　　　　　　　　",01,"しまむら　　　　　　",9913
1344,"堅田店　　　　　　　　　　　　　　　　　",01,"しまむら　　　　　　",9913
1345,"水口店　　　　　　　　　　　　　　　　　",01,"しまむら　　　　　　",9913
1346,"豊郷店　　　　　　　　　　　　　　　　　",01,"しまむら　　　　　　",9913
1347,"日野店　　　　　　　　　　　　　　　　　",01,"しまむら　　　　　　",9913
1348,"甲南　店　　　　　　　　　　　　　　　　",01,"しまむら　　　　　　",9913
1349,"長浜ＦＭ　店　　　　　　　　　　　　　　",01,"しまむら　　　　　　",9913
1350,"野洲　店　　　　　　　　　　　　　　　　",01,"しまむら　　　　　　",9913
1351,"今津　店　　　　　　　　　　　　　　　　",01,"しまむら　　　　　　",9913
1352,"草津店　　　　　　　　　　　　　　　　　",01,"しまむら　　　　　　",9913
1353,"伏見店　　　　　　　　　　　　　　　　　",01,"しまむら　　　　　　",9913
1354,"湖北店　　　　　　　　　　　　　　　　　",01,"しまむら　　　　　　",9913
1355,"羽咋店　　　　　　　　　　　　　　　　　",01,"しまむら　　　　　　",9913
1356,"羽島店　　　　　　　　　　　　　　　　　",01,"しまむら　　　　　　",9913
1357,"際川店　　　　　　　　　　　　　　　　　",01,"しまむら　　　　　　",9913
1358,"七尾店　　　　　　　　　　　　　　　　　",01,"しまむら　　　　　　",9913
1359,"高松　店　　　　　　　　　　　　　　　　",01,"しまむら　　　　　　",9913
1360,"穴水　店　　　　　　　　　　　　　　　　",01,"しまむら　　　　　　",9913
1361,"石部　店　　　　　　　　　　　　　　　　",01,"しまむら　　　　　　",9913
1362,"安八店　　　　　　　　　　　　　　　　　",01,"しまむら　　　　　　",9913
1363,"大野店　　　　　　　　　　　　　　　　　",01,"しまむら　　　　　　",9913
1364,"垂井　店　　　　　　　　　　　　　　　　",01,"しまむら　　　　　　",9913
1365,"松任　店　　　　　　　　　　　　　　　　",01,"しまむら　　　　　　",9913
1366,"呉羽　店　　　　　　　　　　　　　　　　",01,"しまむら　　　　　　",9913
1367,"大町　店　　　　　　　　　　　　　　　　",01,"しまむら　　　　　　",9913
1368,"小浜　店　　　　　　　　　　　　　　　　",01,"しまむら　　　　　　",9913
1369,"戸出　店　　　　　　　　　　　　　　　　",01,"しまむら　　　　　　",9913
1370,"岐阜経大前店　　　　　　　　　　　　　　",01,"しまむら　　　　　　",9913
1371,"長良店　　　　　　　　　　　　　　　　　",01,"しまむら　　　　　　",9913
1372,"高山　店　　　　　　　　　　　　　　　　",01,"しまむら　　　　　　",9913
1373,"茜部店　　　　　　　　　　　　　　　　　",01,"しまむら　　　　　　",9913
1374,"真正店　　　　　　　　　　　　　　　　　",01,"しまむら　　　　　　",9913
1375,"飛騨国府　店　　　　　　　　　　　　　　",01,"しまむら　　　　　　",9913
1376,"飛騨萩原　店　　　　　　　　　　　　　　",01,"しまむら　　　　　　",9913
1377,"郡上大和　店　　　　　　　　　　　　　　",01,"しまむら　　　　　　",9913
1378,"米島　店　　　　　　　　　　　　　　　　",01,"しまむら　　　　　　",9913
1379,"八尾店　　　　　　　　　　　　　　　　　",01,"しまむら　　　　　　",9913
1380,"安曇川　店　　　　　　　　　　　　　　　",01,"しまむら　　　　　　",9913
1381,"忠節店　　　　　　　　　　　　　　　　　",01,"しまむら　　　　　　",9913
1382,"今嶺店　　　　　　　　　　　　　　　　　",01,"しまむら　　　　　　",9913
1383,"輪島店　　　　　　　　　　　　　　　　　",01,"しまむら　　　　　　",9913
1384,"鍋田店　　　　　　　　　　　　　　　　　",01,"しまむら　　　　　　",9913
1385,"能登川店　　　　　　　　　　　　　　　　",01,"しまむら　　　　　　",9913
1386,"駒井沢店　　　　　　　　　　　　　　　　",01,"しまむら　　　　　　",9913
1387,"園町ＦＭ店　　　　　　　　　　　　　　　",01,"しまむら　　　　　　",9913
1388,"桃山店　　　　　　　　　　　　　　　　　",01,"しまむら　　　　　　",9913
1389,"木曳野ＦＭ　店　　　　　　　　　　　　　",01,"しまむら　　　　　　",9913
1390,"洛南店　　　　　　　　　　　　　　　　　",01,"しまむら　　　　　　",9913
1391,"宇治店　　　　　　　　　　　　　　　　　",01,"しまむら　　　　　　",9913
1392,"山科三条店　　　　　　　　　　　　　　　",01,"しまむら　　　　　　",9913
1393,"太秦店　　　　　　　　　　　　　　　　　",01,"しまむら　　　　　　",9913
1394,"北一色店　　　　　　　　　　　　　　　　",01,"しまむら　　　　　　",9913
1395,"ハーツ志比口　店　　　　　　　　　　　　",01,"しまむら　　　　　　",9913
1396,"フレンドタウン瀬田川　店　　　　　　　　",01,"しまむら　　　　　　",9913
1397,"山科新十条店　　　　　　　　　　　　　　",01,"しまむら　　　　　　",9913
1398,"大久保　店　　　　　　　　　　　　　　　",01,"しまむら　　　　　　",9913
1399,"五条西小路　店　　　　　　　　　　　　　",01,"しまむら　　　　　　",9913
1400,"衣笠店　　　　　　　　　　　　　　　　　",01,"しまむら　　　　　　",9913
1401,"上牧店　　　　　　　　　　　　　　　　　",01,"しまむら　　　　　　",9914
1402,"田原本店　　　　　　　　　　　　　　　　",01,"しまむら　　　　　　",9914
1403,"香芝　店　　　　　　　　　　　　　　　　",01,"しまむら　　　　　　",9914
1404,"平群店　　　　　　　　　　　　　　　　　",01,"しまむら　　　　　　",9914
1405,"亀岡店　　　　　　　　　　　　　　　　　",01,"しまむら　　　　　　",9914
1406,"奈良古市　店　　　　　　　　　　　　　　",01,"しまむら　　　　　　",9914
1407,"八幡　店　　　　　　　　　　　　　　　　",01,"しまむら　　　　　　",9914
1408,"イオンタウン富雄南　店　　　　　　　　　",01,"しまむら　　　　　　",9914
1409,"槇島店　　　　　　　　　　　　　　　　　",01,"しまむら　　　　　　",9914
1410,"パラディ学園前店　　　　　　　　　　　　",01,"しまむら　　　　　　",9914
1411,"近江八幡店　　　　　　　　　　　　　　　",01,"しまむら　　　　　　",9914
1412,"京都アバンティ店　　　　　　　　　　　　",01,"しまむら　　　　　　",9914
1413,"ガーデンモール木津川店　　　　　　　　　",01,"しまむら　　　　　　",9914
1414,"鵜沼ＦＭ店　　　　　　　　　　　　　　　",01,"しまむら　　　　　　",9914
1415,"カナートモール伏見店　　　　　　　　　　",01,"しまむら　　　　　　",9914
1501,"西脇店　　　　　　　　　　　　　　　　　",01,"しまむら　　　　　　",9915
1502,"下田部店　　　　　　　　　　　　　　　　",01,"しまむら　　　　　　",9915
1503,"フォレオ大阪ドームシティＦＭ店　　　　　",01,"しまむら　　　　　　",9915
1504,"加西店　　　　　　　　　　　　　　　　　",01,"しまむら　　　　　　",9915
1505,"ビバモール寝屋川店　　　　　　　　　　　",01,"しまむら　　　　　　",9915
1506,"ジャガータウンＦＭ店　　　　　　　　　　",01,"しまむら　　　　　　",9915
1507,"福崎店　　　　　　　　　　　　　　　　　",01,"しまむら　　　　　　",9915
1508,"西緑丘店　　　　　　　　　　　　　　　　",01,"しまむら　　　　　　",9915
1509,"氷上店　　　　　　　　　　　　　　　　　",01,"しまむら　　　　　　",9915
1510,"三木店　　　　　　　　　　　　　　　　　",01,"しまむら　　　　　　",9915
1511,"和田山　店　　　　　　　　　　　　　　　",01,"しまむら　　　　　　",9915
1512,"社店　　　　　　　　　　　　　　　　　　",01,"しまむら　　　　　　",9915
1513,"荒牧ＦＭ店　　　　　　　　　　　　　　　",01,"しまむら　　　　　　",9915
1514,"稲美店　　　　　　　　　　　　　　　　　",01,"しまむら　　　　　　",9915
1515,"千舟店　　　　　　　　　　　　　　　　　",01,"しまむら　　　　　　",9915
1516,"尾上　店　　　　　　　　　　　　　　　　",01,"しまむら　　　　　　",9915
1517,"明石　店　　　　　　　　　　　　　　　　",01,"しまむら　　　　　　",9915
1518,"喜連瓜破店　　　　　　　　　　　　　　　",01,"しまむら　　　　　　",9915
1519,"西神中央店　　　　　　　　　　　　　　　",01,"しまむら　　　　　　",9915
1520,"高砂米田　店　　　　　　　　　　　　　　",01,"しまむら　　　　　　",9915
1521,"ブルメール舞多聞　店　　　　　　　　　　",01,"しまむら　　　　　　",9915
1522,"六万寺店　　　　　　　　　　　　　　　　",01,"しまむら　　　　　　",9915
1523,"新長田店　　　　　　　　　　　　　　　　",01,"しまむら　　　　　　",9915
1524,"大久保インターＦＭ店　　　　　　　　　　",01,"しまむら　　　　　　",9915
1525,"平岡店　　　　　　　　　　　　　　　　　",01,"しまむら　　　　　　",9915
1526,"キッピーモール店　　　　　　　　　　　　",01,"しまむら　　　　　　",9915
1527,"葛の葉南　店　　　　　　　　　　　　　　",01,"しまむら　　　　　　",9915
1528,"坂出店　　　　　　　　　　　　　　　　　",01,"しまむら　　　　　　",9915
1529,"鳴門店　　　　　　　　　　　　　　　　　",01,"しまむら　　　　　　",9915
1530,"志度店　　　　　　　　　　　　　　　　　",01,"しまむら　　　　　　",9915
1531,"鹿角店　　　　　　　　　　　　　　　　　",01,"しまむら　　　　　　",9915
1532,"三木店　　　　　　　　　　　　　　　　　",01,"しまむら　　　　　　",9915
1533,"国分寺店　　　　　　　　　　　　　　　　",01,"しまむら　　　　　　",9915
1534,"脇　店　　　　　　　　　　　　　　　　　",01,"しまむら　　　　　　",9915
1535,"板野店　　　　　　　　　　　　　　　　　",01,"しまむら　　　　　　",9915
1536,"石井　店　　　　　　　　　　　　　　　　",01,"しまむら　　　　　　",9915
1537,"阿南店　　　　　　　　　　　　　　　　　",01,"しまむら　　　　　　",9915
1538,"土成　店　　　　　　　　　　　　　　　　",01,"しまむら　　　　　　",9915
1539,"綾南　店　　　　　　　　　　　　　　　　",01,"しまむら　　　　　　",9915
1540,"北島　店　　　　　　　　　　　　　　　　",01,"しまむら　　　　　　",9915
1541,"津田　店　　　　　　　　　　　　　　　　",01,"しまむら　　　　　　",9915
1542,"東山崎　店　　　　　　　　　　　　　　　",01,"しまむら　　　　　　",9915
1543,"南淡　店　　　　　　　　　　　　　　　　",01,"しまむら　　　　　　",9915
1544,"津名　店　　　　　　　　　　　　　　　　",01,"しまむら　　　　　　",9915
1545,"洲本　店　　　　　　　　　　　　　　　　",01,"しまむら　　　　　　",9915
1546,"小松島ＦＭ店　　　　　　　　　　　　　　",01,"しまむら　　　　　　",9915
1547,"橿原西店　　　　　　　　　　　　　　　　",01,"しまむら　　　　　　",9915
1548,"日根野店　　　　　　　　　　　　　　　　",01,"しまむら　　　　　　",9915
1549,"三箇　店　　　　　　　　　　　　　　　　",01,"しまむら　　　　　　",9915
1550,"貴志川店　　　　　　　　　　　　　　　　",01,"しまむら　　　　　　",9915
1551,"前浜　店　　　　　　　　　　　　　　　　",01,"しまむら　　　　　　",9915
1552,"つかしん　店　　　　　　　　　　　　　　",01,"しまむら　　　　　　",9915
1553,"今木店　　　　　　　　　　　　　　　　　",01,"しまむら　　　　　　",9915
1554,"泉大津店　　　　　　　　　　　　　　　　",01,"しまむら　　　　　　",9915
1555,"大淀店　　　　　　　　　　　　　　　　　",01,"しまむら　　　　　　",9915
1556,"大和郡山店　　　　　　　　　　　　　　　",01,"しまむら　　　　　　",9915
1557,"田辺店　　　　　　　　　　　　　　　　　",01,"しまむら　　　　　　",9915
1558,"新庄店　　　　　　　　　　　　　　　　　",01,"しまむら　　　　　　",9915
1559,"有田店　　　　　　　　　　　　　　　　　",01,"しまむら　　　　　　",9915
1560,"粉河店　　　　　　　　　　　　　　　　　",01,"しまむら　　　　　　",9915
1561,"高野口店　　　　　　　　　　　　　　　　",01,"しまむら　　　　　　",9915
1562,"神前　店　　　　　　　　　　　　　　　　",01,"しまむら　　　　　　",9915
1563,"岩出店　　　　　　　　　　　　　　　　　",01,"しまむら　　　　　　",9915
1564,"阪南　店　　　　　　　　　　　　　　　　",01,"しまむら　　　　　　",9915
1565,"橋本店　　　　　　　　　　　　　　　　　",01,"しまむら　　　　　　",9915
1566,"梶取　店　　　　　　　　　　　　　　　　",01,"しまむら　　　　　　",9915
1567,"桜井店　　　　　　　　　　　　　　　　　",01,"しまむら　　　　　　",9915
1568,"貝塚　店　　　　　　　　　　　　　　　　",01,"しまむら　　　　　　",9915
1569,"福知山店　　　　　　　　　　　　　　　　",01,"しまむら　　　　　　",9915
1570,"江坂駅前　店　　　　　　　　　　　　　　",01,"しまむら　　　　　　",9915
1571,"野田川店　　　　　　　　　　　　　　　　",01,"しまむら　　　　　　",9915
1572,"峰山　店　　　　　　　　　　　　　　　　",01,"しまむら　　　　　　",9915
1573,"篠山店　　　　　　　　　　　　　　　　　",01,"しまむら　　　　　　",9915
1574,"五條　店　　　　　　　　　　　　　　　　",01,"しまむら　　　　　　",9915
1575,"枚方　店　　　　　　　　　　　　　　　　",01,"しまむら　　　　　　",9915
1576,"綾部　店　　　　　　　　　　　　　　　　",01,"しまむら　　　　　　",9915
1577,"御坊　店　　　　　　　　　　　　　　　　",01,"しまむら　　　　　　",9915
1578,"茨木　店　　　　　　　　　　　　　　　　",01,"しまむら　　　　　　",9915
1579,"ホームズ寝屋川　店　　　　　　　　　　　",01,"しまむら　　　　　　",9915
1580,"小豆島　店　　　　　　　　　　　　　　　",01,"しまむら　　　　　　",9915
1581,"海南　店　　　　　　　　　　　　　　　　",01,"しまむら　　　　　　",9915
1582,"フレスポ長田　店　　　　　　　　　　　　",01,"しまむら　　　　　　",9915
1583,"吉田本町店　　　　　　　　　　　　　　　",01,"しまむら　　　　　　",9915
1584,"天理　店　　　　　　　　　　　　　　　　",01,"しまむら　　　　　　",9915
1585,"上富田　店　　　　　　　　　　　　　　　",01,"しまむら　　　　　　",9915
1586,"生駒南　店　　　　　　　　　　　　　　　",01,"しまむら　　　　　　",9915
1587,"三宅　店　　　　　　　　　　　　　　　　",01,"しまむら　　　　　　",9915
1588,"門真南　店　　　　　　　　　　　　　　　",01,"しまむら　　　　　　",9915
1589,"佐古店　　　　　　　　　　　　　　　　　",01,"しまむら　　　　　　",9915
1590,"祝園駅前店　　　　　　　　　　　　　　　",01,"しまむら　　　　　　",9915
1591,"和泉万町店　　　　　　　　　　　　　　　",01,"しまむら　　　　　　",9915
1592,"レインボー金岡店　　　　　　　　　　　　",01,"しまむら　　　　　　",9915
1593,"川西店　　　　　　　　　　　　　　　　　",01,"しまむら　　　　　　",9915
1594,"高の原店　　　　　　　　　　　　　　　　",01,"しまむら　　　　　　",9915
1595,"東百舌鳥店　　　　　　　　　　　　　　　",01,"しまむら　　　　　　",9915
1596,"渋川店　　　　　　　　　　　　　　　　　",01,"しまむら　　　　　　",9915
1597,"河内長野店　　　　　　　　　　　　　　　",01,"しまむら　　　　　　",9915
1598,"八尾南ＦＭ店　　　　　　　　　　　　　　",01,"しまむら　　　　　　",9915
1599,"古市店　　　　　　　　　　　　　　　　　",01,"しまむら　　　　　　",9915
1600,"塩草　店　　　　　　　　　　　　　　　　",01,"しまむら　　　　　　",9915
1601,"ホームズ南津守　店　　　　　　　　　　　",01,"しまむら　　　　　　",9915
1602,"フレスポしんかな　店　　　　　　　　　　",01,"しまむら　　　　　　",9915
1603,"千躰　店　　　　　　　　　　　　　　　　",01,"しまむら　　　　　　",9915
1604,"ハーバーランド　店　　　　　　　　　　　",01,"しまむら　　　　　　",9915
1605,"二見ＦＭ　店　　　　　　　　　　　　　　",01,"しまむら　　　　　　",9915
1606,"京橋店　　　　　　　　　　　　　　　　　",01,"しまむら　　　　　　",9915
1607,"三木広野　店　　　　　　　　　　　　　　",01,"しまむら　　　　　　",9915
1608,"いこらも～る泉佐野店　　　　　　　　　　",01,"しまむら　　　　　　",9915
1609,"ベルファ都島店　　　　　　　　　　　　　",01,"しまむら　　　　　　",9915
1610,"セルバ甲南山手店　　　　　　　　　　　　",01,"しまむら　　　　　　",9915
1611,"泉北八田店　　　　　　　　　　　　　　　",01,"しまむら　　　　　　",9915
1612,"黒山店　　　　　　　　　　　　　　　　　",01,"しまむら　　　　　　",9915
1613,"西舞鶴　店　　　　　　　　　　　　　　　",01,"しまむら　　　　　　",9915
1614,"アルビ住道店　　　　　　　　　　　　　　",01,"しまむら　　　　　　",9915
1615,"東中浜店　　　　　　　　　　　　　　　　",01,"しまむら　　　　　　",9915
1616,"西宮山口店　　　　　　　　　　　　　　　",01,"しまむら　　　　　　",9915
1617,"蛍池駅前　店　　　　　　　　　　　　　　",01,"しまむら　　　　　　",9915
1618,"アミング潮江店　　　　　　　　　　　　　",01,"しまむら　　　　　　",9915
1619,"岸和田カンカンベイサイドモール店　　　　",01,"しまむら　　　　　　",9915
1620,"小野王子店　　　　　　　　　　　　　　　",01,"しまむら　　　　　　",9915
1621,"くずは北店　　　　　　　　　　　　　　　",01,"しまむら　　　　　　",9915
1622,"上野芝店　　　　　　　　　　　　　　　　",01,"しまむら　　　　　　",9915
1623,"富田林ＦＭ店　　　　　　　　　　　　　　",01,"しまむら　　　　　　",9915
1624,"摂津店　　　　　　　　　　　　　　　　　",01,"しまむら　　　　　　",9915
1625,"リノアス八尾店　　　　　　　　　　　　　",01,"しまむら　　　　　　",9915
1626,"ダイエー北野田店　　　　　　　　　　　　",01,"しまむら　　　　　　",9915
1627,"ダイエー光明池店　　　　　　　　　　　　",01,"しまむら　　　　　　",9915
1628,"あべの店　　　　　　　　　　　　　　　　",01,"しまむら　　　　　　",9915
1629,"豊岡店　　　　　　　　　　　　　　　　　",01,"しまむら　　　　　　",9915
1630,"八戸ノ里店　　　　　　　　　　　　　　　",01,"しまむら　　　　　　",9915
1631,"西友千代田店　　　　　　　　　　　　　　",01,"しまむら　　　　　　",9915
1632,"西友川西店　　　　　　　　　　　　　　　",01,"しまむら　　　　　　",9915
1633,"大峰東店　　　　　　　　　　　　　　　　",01,"しまむら　　　　　　",9915
1634,"神戸北町店　　　　　　　　　　　　　　　",01,"しまむら　　　　　　",9915
1635,"ビエラ明舞店　　　　　　　　　　　　　　",01,"しまむら　　　　　　",9915
1636,"けやきプラザ三田店　　　　　　　　　　　",01,"しまむら　　　　　　",9915
1637,"大阪狭山店　　　　　　　　　　　　　　　",01,"しまむら　　　　　　",9915
1638,"神戸西ＦＭ店　　　　　　　　　　　　　　",01,"しまむら　　　　　　",9915
1639,"コロワ甲子園店　　　　　　　　　　　　　",01,"しまむら　　　　　　",9915
1640,"ミ・ナーラ店　　　　　　　　　　　　　　",01,"しまむら　　　　　　",9915
1641,"島泉店　　　　　　　　　　　　　　　　　",01,"しまむら　　　　　　",9915
1642,"かみしんプラザ店　　　　　　　　　　　　",01,"しまむら　　　　　　",9915
1901,"西大寺店　　　　　　　　　　　　　　　　",01,"しまむら　　　　　　",9919
1902,"児島　店　　　　　　　　　　　　　　　　",01,"しまむら　　　　　　",9919
1903,"総社ＦＭ店　　　　　　　　　　　　　　　",01,"しまむら　　　　　　",9919
1904,"備前店　　　　　　　　　　　　　　　　　",01,"しまむら　　　　　　",9919
1905,"中畝ＦＭ店　　　　　　　　　　　　　　　",01,"しまむら　　　　　　",9919
1906,"井原　店　　　　　　　　　　　　　　　　",01,"しまむら　　　　　　",9919
1907,"宮前　店　　　　　　　　　　　　　　　　",01,"しまむら　　　　　　",9919
1908,"鴨方店　　　　　　　　　　　　　　　　　",01,"しまむら　　　　　　",9919
1909,"松永店　　　　　　　　　　　　　　　　　",01,"しまむら　　　　　　",9919
1910,"西古松店　　　　　　　　　　　　　　　　",01,"しまむら　　　　　　",9919
1911,"妹尾店　　　　　　　　　　　　　　　　　",01,"しまむら　　　　　　",9919
1912,"三原店　　　　　　　　　　　　　　　　　",01,"しまむら　　　　　　",9919
1913,"曙店　　　　　　　　　　　　　　　　　　",01,"しまむら　　　　　　",9919
1914,"雄町店　　　　　　　　　　　　　　　　　",01,"しまむら　　　　　　",9919
1915,"西条ＦＭ店　　　　　　　　　　　　　　　",01,"しまむら　　　　　　",9919
1916,"熊野店　　　　　　　　　　　　　　　　　",01,"しまむら　　　　　　",9919
1917,"出雲南店　　　　　　　　　　　　　　　　",01,"しまむら　　　　　　",9919
1918,"東伯　店　　　　　　　　　　　　　　　　",01,"しまむら　　　　　　",9919
1919,"鳥取店　　　　　　　　　　　　　　　　　",01,"しまむら　　　　　　",9919
1920,"城東店　　　　　　　　　　　　　　　　　",01,"しまむら　　　　　　",9919
1921,"焼山店　　　　　　　　　　　　　　　　　",01,"しまむら　　　　　　",9919
1922,"真備店　　　　　　　　　　　　　　　　　",01,"しまむら　　　　　　",9919
1923,"出雲北店　　　　　　　　　　　　　　　　",01,"しまむら　　　　　　",9919
1924,"因島店　　　　　　　　　　　　　　　　　",01,"しまむら　　　　　　",9919
1925,"長楽寺　店　　　　　　　　　　　　　　　",01,"しまむら　　　　　　",9919
1926,"江津　店　　　　　　　　　　　　　　　　",01,"しまむら　　　　　　",9919
1927,"甲山　店　　　　　　　　　　　　　　　　",01,"しまむら　　　　　　",9919
1928,"安倍　店　　　　　　　　　　　　　　　　",01,"しまむら　　　　　　",9919
1929,"吉田　店　　　　　　　　　　　　　　　　",01,"しまむら　　　　　　",9919
1930,"境港　店　　　　　　　　　　　　　　　　",01,"しまむら　　　　　　",9919
1931,"湯郷　店　　　　　　　　　　　　　　　　",01,"しまむら　　　　　　",9919
1932,"駅家店　　　　　　　　　　　　　　　　　",01,"しまむら　　　　　　",9919
1933,"平田　店　　　　　　　　　　　　　　　　",01,"しまむら　　　　　　",9919
1934,"高梁店　　　　　　　　　　　　　　　　　",01,"しまむら　　　　　　",9919
1935,"倉吉店　　　　　　　　　　　　　　　　　",01,"しまむら　　　　　　",9919
1936,"南蔵王店　　　　　　　　　　　　　　　　",01,"しまむら　　　　　　",9919
1937,"庄原店　　　　　　　　　　　　　　　　　",01,"しまむら　　　　　　",9919
1938,"正蓮寺店　　　　　　　　　　　　　　　　",01,"しまむら　　　　　　",9919
1939,"林田　店　　　　　　　　　　　　　　　　",01,"しまむら　　　　　　",9919
1940,"新倉敷　店　　　　　　　　　　　　　　　",01,"しまむら　　　　　　",9919
1941,"大田店　　　　　　　　　　　　　　　　　",01,"しまむら　　　　　　",9919
1942,"邑久　店　　　　　　　　　　　　　　　　",01,"しまむら　　　　　　",9919
1943,"落合　店　　　　　　　　　　　　　　　　",01,"しまむら　　　　　　",9919
1944,"春日　店　　　　　　　　　　　　　　　　",01,"しまむら　　　　　　",9919
1945,"和気　店　　　　　　　　　　　　　　　　",01,"しまむら　　　　　　",9919
1946,"益田店　　　　　　　　　　　　　　　　　",01,"しまむら　　　　　　",9919
1947,"大竹店　　　　　　　　　　　　　　　　　",01,"しまむら　　　　　　",9919
1948,"可部　店　　　　　　　　　　　　　　　　",01,"しまむら　　　　　　",9919
1949,"車尾　店　　　　　　　　　　　　　　　　",01,"しまむら　　　　　　",9919
1950,"玉野　店　　　　　　　　　　　　　　　　",01,"しまむら　　　　　　",9919
1951,"アクロスプラザ高陽店　　　　　　　　　　",01,"しまむら　　　　　　",9919
1952,"高屋店　　　　　　　　　　　　　　　　　",01,"しまむら　　　　　　",9919
1953,"竹原店　　　　　　　　　　　　　　　　　",01,"しまむら　　　　　　",9919
1954,"フレスポ神辺ＦＭ店　　　　　　　　　　　",01,"しまむら　　　　　　",9919
1955,"乙島店　　　　　　　　　　　　　　　　　",01,"しまむら　　　　　　",9919
1956,"三次店　　　　　　　　　　　　　　　　　",01,"しまむら　　　　　　",9919
1957,"アーバス東千田店　　　　　　　　　　　　",01,"しまむら　　　　　　",9919
1958,"丸亀　店　　　　　　　　　　　　　　　　",01,"しまむら　　　　　　",9919
1959,"観音寺ＦＭ店　　　　　　　　　　　　　　",01,"しまむら　　　　　　",9919
1960,"高瀬　店　　　　　　　　　　　　　　　　",01,"しまむら　　　　　　",9919
1961,"善通寺店　　　　　　　　　　　　　　　　",01,"しまむら　　　　　　",9919
1962,"土庄店　　　　　　　　　　　　　　　　　",01,"しまむら　　　　　　",9919
1963,"多度津　店　　　　　　　　　　　　　　　",01,"しまむら　　　　　　",9919
1964,"萩　店　　　　　　　　　　　　　　　　　",01,"しまむら　　　　　　",9919
1965,"新南陽　店　　　　　　　　　　　　　　　",01,"しまむら　　　　　　",9919
1966,"南岩国店　　　　　　　　　　　　　　　　",01,"しまむら　　　　　　",9919
1967,"湯田　店　　　　　　　　　　　　　　　　",01,"しまむら　　　　　　",9919
1968,"防府店　　　　　　　　　　　　　　　　　",01,"しまむら　　　　　　",9919
1969,"美祢店　　　　　　　　　　　　　　　　　",01,"しまむら　　　　　　",9919
1970,"小野田　店　　　　　　　　　　　　　　　",01,"しまむら　　　　　　",9919
1971,"山陽　店　　　　　　　　　　　　　　　　",01,"しまむら　　　　　　",9919
1972,"西岐波店　　　　　　　　　　　　　　　　",01,"しまむら　　　　　　",9919
1973,"宇部店　　　　　　　　　　　　　　　　　",01,"しまむら　　　　　　",9919
1974,"柳井店　　　　　　　　　　　　　　　　　",01,"しまむら　　　　　　",9919
1975,"光店　　　　　　　　　　　　　　　　　　",01,"しまむら　　　　　　",9919
1976,"周東店　　　　　　　　　　　　　　　　　",01,"しまむら　　　　　　",9919
1977,"下松店　　　　　　　　　　　　　　　　　",01,"しまむら　　　　　　",9919
1978,"昭和店　　　　　　　　　　　　　　　　　",01,"しまむら　　　　　　",9919
1979,"ゆめタウンみゆき店　　　　　　　　　　　",01,"しまむら　　　　　　",9919
1980,"コムプラザ倉敷店　　　　　　　　　　　　",01,"しまむら　　　　　　",9919
1981,"山代店　　　　　　　　　　　　　　　　　",01,"しまむら　　　　　　",9919
1982,"太子店　　　　　　　　　　　　　　　　　",01,"しまむら　　　　　　",9919
1983,"龍野店　　　　　　　　　　　　　　　　　",01,"しまむら　　　　　　",9919
1984,"飾磨東店　　　　　　　　　　　　　　　　",01,"しまむら　　　　　　",9919
1985,"山崎　店　　　　　　　　　　　　　　　　",01,"しまむら　　　　　　",9919
1986,"砥堀　店　　　　　　　　　　　　　　　　",01,"しまむら　　　　　　",9919
1987,"東山店　　　　　　　　　　　　　　　　　",01,"しまむら　　　　　　",9919
1988,"赤穂　店　　　　　　　　　　　　　　　　",01,"しまむら　　　　　　",9919
1989,"広畑北野　店　　　　　　　　　　　　　　",01,"しまむら　　　　　　",9919
1990,"田寺　店　　　　　　　　　　　　　　　　",01,"しまむら　　　　　　",9919
1991,"テラッソ姫路店　　　　　　　　　　　　　",01,"しまむら　　　　　　",9919
1992,"浜田店　　　　　　　　　　　　　　　　　",01,"しまむら　　　　　　",9919
1993,"花田店　　　　　　　　　　　　　　　　　",01,"しまむら　　　　　　",9919
1994,"長門店　　　　　　　　　　　　　　　　　",01,"しまむら　　　　　　",9919
1995,"津島店　　　　　　　　　　　　　　　　　",01,"しまむら　　　　　　",9919
1996,"ゆめモール山陽店　　　　　　　　　　　　",01,"しまむら　　　　　　",9919
1997,"笠岡店　　　　　　　　　　　　　　　　　",01,"しまむら　　　　　　",9919
1998,"ゆめモール五日市店　　　　　　　　　　　",01,"しまむら　　　　　　",9919
1999,"観音新町店　　　　　　　　　　　　　　　",01,"しまむら　　　　　　",9919
2000,"呉広モール店　　　　　　　　　　　　　　",01,"しまむら　　　　　　",9919
2001,"土佐店　　　　　　　　　　　　　　　　　",01,"しまむら　　　　　　",9920
2002,"宿毛店　　　　　　　　　　　　　　　　　",01,"しまむら　　　　　　",9920
2003,"須崎　店　　　　　　　　　　　　　　　　",01,"しまむら　　　　　　",9920
2004,"佐川　店　　　　　　　　　　　　　　　　",01,"しまむら　　　　　　",9920
2005,"安芸　店　　　　　　　　　　　　　　　　",01,"しまむら　　　　　　",9920
2006,"野市店　　　　　　　　　　　　　　　　　",01,"しまむら　　　　　　",9920
2007,"中村　店　　　　　　　　　　　　　　　　",01,"しまむら　　　　　　",9920
2008,"重信店　　　　　　　　　　　　　　　　　",01,"しまむら　　　　　　",9920
2009,"東予店　　　　　　　　　　　　　　　　　",01,"しまむら　　　　　　",9920
2010,"北条　店　　　　　　　　　　　　　　　　",01,"しまむら　　　　　　",9920
2011,"伊予三島ＦＭ　店　　　　　　　　　　　　",01,"しまむら　　　　　　",9920
2012,"宇和島店　　　　　　　　　　　　　　　　",01,"しまむら　　　　　　",9920
2013,"別府店　　　　　　　　　　　　　　　　　",01,"しまむら　　　　　　",9920
2014,"西条店　　　　　　　　　　　　　　　　　",01,"しまむら　　　　　　",9920
2015,"今治店　　　　　　　　　　　　　　　　　",01,"しまむら　　　　　　",9920
2016,"新居浜店　　　　　　　　　　　　　　　　",01,"しまむら　　　　　　",9920
2017,"南宇和　店　　　　　　　　　　　　　　　",01,"しまむら　　　　　　",9920
2018,"土居店　　　　　　　　　　　　　　　　　",01,"しまむら　　　　　　",9920
2019,"谷町　店　　　　　　　　　　　　　　　　",01,"しまむら　　　　　　",9920
2020,"南国店　　　　　　　　　　　　　　　　　",01,"しまむら　　　　　　",9920
2021,"広見　店　　　　　　　　　　　　　　　　",01,"しまむら　　　　　　",9920
2022,"宇和　店　　　　　　　　　　　　　　　　",01,"しまむら　　　　　　",9920
2023,"土佐山田店　　　　　　　　　　　　　　　",01,"しまむら　　　　　　",9920
2024,"ジョープラ　店　　　　　　　　　　　　　",01,"しまむら　　　　　　",9920
2025,"フレスポ大洲店　　　　　　　　　　　　　",01,"しまむら　　　　　　",9920
2026,"いの店　　　　　　　　　　　　　　　　　",01,"しまむら　　　　　　",9920
2027,"神田店　　　　　　　　　　　　　　　　　",01,"しまむら　　　　　　",9920
2028,"南金田　店　　　　　　　　　　　　　　　",01,"しまむら　　　　　　",9920
2029,"新居浜南店　　　　　　　　　　　　　　　",01,"しまむら　　　　　　",9920
2101,"田川　店　　　　　　　　　　　　　　　　",01,"しまむら　　　　　　",9921
2102,"八田　店　　　　　　　　　　　　　　　　",01,"しまむら　　　　　　",9921
2103,"前原店　　　　　　　　　　　　　　　　　",01,"しまむら　　　　　　",9921
2104,"島原　店　　　　　　　　　　　　　　　　",01,"しまむら　　　　　　",9921
2105,"杵築店　　　　　　　　　　　　　　　　　",01,"しまむら　　　　　　",9921
2106,"多久　店　　　　　　　　　　　　　　　　",01,"しまむら　　　　　　",9921
2107,"三日月　店　　　　　　　　　　　　　　　",01,"しまむら　　　　　　",9921
2108,"鹿島店　　　　　　　　　　　　　　　　　",01,"しまむら　　　　　　",9921
2109,"宗像店　　　　　　　　　　　　　　　　　",01,"しまむら　　　　　　",9921
2110,"新宮店　　　　　　　　　　　　　　　　　",01,"しまむら　　　　　　",9921
2111,"古賀店　　　　　　　　　　　　　　　　　",01,"しまむら　　　　　　",9921
2112,"八女店　　　　　　　　　　　　　　　　　",01,"しまむら　　　　　　",9921
2113,"小郡　店　　　　　　　　　　　　　　　　",01,"しまむら　　　　　　",9921
2114,"黒崎店　　　　　　　　　　　　　　　　　",01,"しまむら　　　　　　",9921
2115,"フレスポ福田　店　　　　　　　　　　　　",01,"しまむら　　　　　　",9921
2116,"穂波店　　　　　　　　　　　　　　　　　",01,"しまむら　　　　　　",9921
2117,"兵庫町店　　　　　　　　　　　　　　　　",01,"しまむら　　　　　　",9921
2118,"豊浦　店　　　　　　　　　　　　　　　　",01,"しまむら　　　　　　",9921
2119,"武雄店　　　　　　　　　　　　　　　　　",01,"しまむら　　　　　　",9921
2120,"上峰　店　　　　　　　　　　　　　　　　",01,"しまむら　　　　　　",9921
2121,"大牟田南　店　　　　　　　　　　　　　　",01,"しまむら　　　　　　",9921
2122,"川崎　店　　　　　　　　　　　　　　　　",01,"しまむら　　　　　　",9921
2123,"猪野店　　　　　　　　　　　　　　　　　",01,"しまむら　　　　　　",9921
2124,"大在店　　　　　　　　　　　　　　　　　",01,"しまむら　　　　　　",9921
2125,"甘木店　　　　　　　　　　　　　　　　　",01,"しまむら　　　　　　",9921
2126,"豊前　店　　　　　　　　　　　　　　　　",01,"しまむら　　　　　　",9921
2127,"大牟田北　店　　　　　　　　　　　　　　",01,"しまむら　　　　　　",9921
2128,"日出店　　　　　　　　　　　　　　　　　",01,"しまむら　　　　　　",9921
2129,"佐々　店　　　　　　　　　　　　　　　　",01,"しまむら　　　　　　",9921
2130,"時津ＦＭ　店　　　　　　　　　　　　　　",01,"しまむら　　　　　　",9921
2131,"大村北ＦＭ店　　　　　　　　　　　　　　",01,"しまむら　　　　　　",9921
2132,"安岡　店　　　　　　　　　　　　　　　　",01,"しまむら　　　　　　",9921
2133,"伊万里店　　　　　　　　　　　　　　　　",01,"しまむら　　　　　　",9921
2134,"鳥栖店　　　　　　　　　　　　　　　　　",01,"しまむら　　　　　　",9921
2135,"アクロスプラザ篠栗店　　　　　　　　　　",01,"しまむら　　　　　　",9921
2136,"江北店　　　　　　　　　　　　　　　　　",01,"しまむら　　　　　　",9921
2137,"三重店　　　　　　　　　　　　　　　　　",01,"しまむら　　　　　　",9921
2138,"飯塚店　　　　　　　　　　　　　　　　　",01,"しまむら　　　　　　",9921
2139,"日野　店　　　　　　　　　　　　　　　　",01,"しまむら　　　　　　",9921
2140,"唐津店　　　　　　　　　　　　　　　　　",01,"しまむら　　　　　　",9921
2141,"岡垣店　　　　　　　　　　　　　　　　　",01,"しまむら　　　　　　",9921
2142,"佐伯ＦＭ店　　　　　　　　　　　　　　　",01,"しまむら　　　　　　",9921
2143,"熊野店　　　　　　　　　　　　　　　　　",01,"しまむら　　　　　　",9921
2144,"行橋店　　　　　　　　　　　　　　　　　",01,"しまむら　　　　　　",9921
2145,"宇佐店　　　　　　　　　　　　　　　　　",01,"しまむら　　　　　　",9921
2146,"久留米櫛原店　　　　　　　　　　　　　　",01,"しまむら　　　　　　",9921
2147,"森山　店　　　　　　　　　　　　　　　　",01,"しまむら　　　　　　",9921
2148,"豊後高田店　　　　　　　　　　　　　　　",01,"しまむら　　　　　　",9921
2149,"宮田店　　　　　　　　　　　　　　　　　",01,"しまむら　　　　　　",9921
2150,"川副　店　　　　　　　　　　　　　　　　",01,"しまむら　　　　　　",9921
2151,"臼杵店　　　　　　　　　　　　　　　　　",01,"しまむら　　　　　　",9921
2152,"瀬高　店　　　　　　　　　　　　　　　　",01,"しまむら　　　　　　",9921
2153,"水巻　店　　　　　　　　　　　　　　　　",01,"しまむら　　　　　　",9921
2154,"玖珠店　　　　　　　　　　　　　　　　　",01,"しまむら　　　　　　",9921
2155,"多良見　店　　　　　　　　　　　　　　　",01,"しまむら　　　　　　",9921
2156,"周船寺ＦＭ店　　　　　　　　　　　　　　",01,"しまむら　　　　　　",9921
2157,"挾間　店　　　　　　　　　　　　　　　　",01,"しまむら　　　　　　",9921
2158,"日田ＦＭ店　　　　　　　　　　　　　　　",01,"しまむら　　　　　　",9921
2159,"中津店　　　　　　　　　　　　　　　　　",01,"しまむら　　　　　　",9921
2160,"吉井　店　　　　　　　　　　　　　　　　",01,"しまむら　　　　　　",9921
2161,"諫早西店　　　　　　　　　　　　　　　　",01,"しまむら　　　　　　",9921
2162,"清末店　　　　　　　　　　　　　　　　　",01,"しまむら　　　　　　",9921
2163,"筑後ＦＭ店　　　　　　　　　　　　　　　",01,"しまむら　　　　　　",9921
2164,"国分店　　　　　　　　　　　　　　　　　",01,"しまむら　　　　　　",9921
2165,"柳川店　　　　　　　　　　　　　　　　　",01,"しまむら　　　　　　",9921
2166,"福江店　　　　　　　　　　　　　　　　　",01,"しまむら　　　　　　",9921
2167,"わさだＦＭ店　　　　　　　　　　　　　　",01,"しまむら　　　　　　",9921
2168,"直方店　　　　　　　　　　　　　　　　　",01,"しまむら　　　　　　",9921
2169,"皿倉テラス店　　　　　　　　　　　　　　",01,"しまむら　　　　　　",9921
2170,"末広店　　　　　　　　　　　　　　　　　",01,"しまむら　　　　　　",9921
2171,"ひびきのＦＭ店　　　　　　　　　　　　　",01,"しまむら　　　　　　",9921
2172,"門司ＦＭ店　　　　　　　　　　　　　　　",01,"しまむら　　　　　　",9921
2173,"小嶺ＦＭ店　　　　　　　　　　　　　　　",01,"しまむら　　　　　　",9921
2174,"一枝店　　　　　　　　　　　　　　　　　",01,"しまむら　　　　　　",9921
2175,"稲築店　　　　　　　　　　　　　　　　　",01,"しまむら　　　　　　",9921
2176,"竹田店　　　　　　　　　　　　　　　　　",01,"しまむら　　　　　　",9921
2177,"下富野ＦＭ店　　　　　　　　　　　　　　",01,"しまむら　　　　　　",9921
2178,"大野店　　　　　　　　　　　　　　　　　",01,"しまむら　　　　　　",9921
2179,"干隈店　　　　　　　　　　　　　　　　　",01,"しまむら　　　　　　",9921
2180,"博多ミスト店　　　　　　　　　　　　　　",01,"しまむら　　　　　　",9921
2181,"矢上店　　　　　　　　　　　　　　　　　",01,"しまむら　　　　　　",9921
2182,"博多バスターミナルＦＭ店　　　　　　　　",01,"しまむら　　　　　　",9921
2183,"シーモール店　　　　　　　　　　　　　　",01,"しまむら　　　　　　",9921
2184,"ノース天神ＦＭ　店　　　　　　　　　　　",01,"しまむら　　　　　　",9921
2185,"別府ＦＭ店　　　　　　　　　　　　　　　",01,"しまむら　　　　　　",9921
2186,"春日フォレストシティＦＭ　店　　　　　　",01,"しまむら　　　　　　",9921
2187,"筥崎宮前ＦＭ　店　　　　　　　　　　　　",01,"しまむら　　　　　　",9921
2188,"筑紫野店　　　　　　　　　　　　　　　　",01,"しまむら　　　　　　",9921
2189,"ハローパーク大手町　店　　　　　　　　　",01,"しまむら　　　　　　",9921
2190,"宇美店　　　　　　　　　　　　　　　　　",01,"しまむら　　　　　　",9921
2191,"サニーサイドモール小倉　店　　　　　　　",01,"しまむら　　　　　　",9921
2192,"南長崎店　　　　　　　　　　　　　　　　",01,"しまむら　　　　　　",9921
2193,"サニー道の尾店　　　　　　　　　　　　　",01,"しまむら　　　　　　",9921
2194,"平和店　　　　　　　　　　　　　　　　　",01,"しまむら　　　　　　",9921
2195,"イオン佐世保白岳店　　　　　　　　　　　",01,"しまむら　　　　　　",9921
2196,"対馬店　　　　　　　　　　　　　　　　　",01,"しまむら　　　　　　",9921
2301,"大口店　　　　　　　　　　　　　　　　　",01,"しまむら　　　　　　",9923
2302,"人吉店　　　　　　　　　　　　　　　　　",01,"しまむら　　　　　　",9923
2303,"指宿店　　　　　　　　　　　　　　　　　",01,"しまむら　　　　　　",9923
2304,"長嶺店　　　　　　　　　　　　　　　　　",01,"しまむら　　　　　　",9923
2305,"野中　店　　　　　　　　　　　　　　　　",01,"しまむら　　　　　　",9923
2306,"八代店　　　　　　　　　　　　　　　　　",01,"しまむら　　　　　　",9923
2307,"小林店　　　　　　　　　　　　　　　　　",01,"しまむら　　　　　　",9923
2308,"阿蘇　店　　　　　　　　　　　　　　　　",01,"しまむら　　　　　　",9923
2309,"山鹿店　　　　　　　　　　　　　　　　　",01,"しまむら　　　　　　",9923
2310,"免田店　　　　　　　　　　　　　　　　　",01,"しまむら　　　　　　",9923
2311,"宇土店　　　　　　　　　　　　　　　　　",01,"しまむら　　　　　　",9923
2312,"大矢野店　　　　　　　　　　　　　　　　",01,"しまむら　　　　　　",9923
2313,"出水店　　　　　　　　　　　　　　　　　",01,"しまむら　　　　　　",9923
2314,"鹿屋店　　　　　　　　　　　　　　　　　",01,"しまむら　　　　　　",9923
2315,"早鈴店　　　　　　　　　　　　　　　　　",01,"しまむら　　　　　　",9923
2316,"城南　店　　　　　　　　　　　　　　　　",01,"しまむら　　　　　　",9923
2317,"合志店　　　　　　　　　　　　　　　　　",01,"しまむら　　　　　　",9923
2318,"荒尾店　　　　　　　　　　　　　　　　　",01,"しまむら　　　　　　",9923
2319,"都北店　　　　　　　　　　　　　　　　　",01,"しまむら　　　　　　",9923
2320,"加治木　店　　　　　　　　　　　　　　　",01,"しまむら　　　　　　",9923
2321,"菊池店　　　　　　　　　　　　　　　　　",01,"しまむら　　　　　　",9923
2322,"本渡店　　　　　　　　　　　　　　　　　",01,"しまむら　　　　　　",9923
2323,"えびの店　　　　　　　　　　　　　　　　",01,"しまむら　　　　　　",9923
2324,"国分店　　　　　　　　　　　　　　　　　",01,"しまむら　　　　　　",9923
2325,"浜町店　　　　　　　　　　　　　　　　　",01,"しまむら　　　　　　",9923
2326,"東串良店　　　　　　　　　　　　　　　　",01,"しまむら　　　　　　",9923
2327,"大門店　　　　　　　　　　　　　　　　　",01,"しまむら　　　　　　",9923
2328,"日南店　　　　　　　　　　　　　　　　　",01,"しまむら　　　　　　",9923
2329,"玉名店　　　　　　　　　　　　　　　　　",01,"しまむら　　　　　　",9923
2330,"高鍋店　　　　　　　　　　　　　　　　　",01,"しまむら　　　　　　",9923
2331,"西都　店　　　　　　　　　　　　　　　　",01,"しまむら　　　　　　",9923
2332,"清武店　　　　　　　　　　　　　　　　　",01,"しまむら　　　　　　",9923
2333,"川内　店　　　　　　　　　　　　　　　　",01,"しまむら　　　　　　",9923
2334,"佐土原店　　　　　　　　　　　　　　　　",01,"しまむら　　　　　　",9923
2335,"志布志店　　　　　　　　　　　　　　　　",01,"しまむら　　　　　　",9923
2336,"花ケ島店　　　　　　　　　　　　　　　　",01,"しまむら　　　　　　",9923
2337,"末吉店　　　　　　　　　　　　　　　　　",01,"しまむら　　　　　　",9923
2338,"小松店　　　　　　　　　　　　　　　　　",01,"しまむら　　　　　　",9923
2339,"串間店　　　　　　　　　　　　　　　　　",01,"しまむら　　　　　　",9923
2340,"日向店　　　　　　　　　　　　　　　　　",01,"しまむら　　　　　　",9923
2341,"長洲店　　　　　　　　　　　　　　　　　",01,"しまむら　　　　　　",9923
2342,"姶良店　　　　　　　　　　　　　　　　　",01,"しまむら　　　　　　",9923
2343,"植木店　　　　　　　　　　　　　　　　　",01,"しまむら　　　　　　",9923
2344,"枕崎店　　　　　　　　　　　　　　　　　",01,"しまむら　　　　　　",9923
2345,"大津　店　　　　　　　　　　　　　　　　",01,"しまむら　　　　　　",9923
2346,"小川　店　　　　　　　　　　　　　　　　",01,"しまむら　　　　　　",9923
2347,"水俣　店　　　　　　　　　　　　　　　　",01,"しまむら　　　　　　",9923
2348,"阿久根店　　　　　　　　　　　　　　　　",01,"しまむら　　　　　　",9923
2349,"国分西ＦＭ　店　　　　　　　　　　　　　",01,"しまむら　　　　　　",9923
2350,"南横市店　　　　　　　　　　　　　　　　",01,"しまむら　　　　　　",9923
2351,"田上店　　　　　　　　　　　　　　　　　",01,"しまむら　　　　　　",9923
2352,"十禅寺店　　　　　　　　　　　　　　　　",01,"しまむら　　　　　　",9923
2353,"オプシアミスミ店　　　　　　　　　　　　",01,"しまむら　　　　　　",9923
2354,"伊集院店　　　　　　　　　　　　　　　　",01,"しまむら　　　　　　",9923
2355,"吉村　店　　　　　　　　　　　　　　　　",01,"しまむら　　　　　　",9923
2356,"谷山　店　　　　　　　　　　　　　　　　",01,"しまむら　　　　　　",9923
2357,"加世田店　　　　　　　　　　　　　　　　",01,"しまむら　　　　　　",9923
2358,"清水　店　　　　　　　　　　　　　　　　",01,"しまむら　　　　　　",9923
2359,"ゆめモール合志店　　　　　　　　　　　　",01,"しまむら　　　　　　",9923
2401,"東松山駅前　店　　　　　　　　　　　　　",01,"しまむら　　　　　　",9924
2402,"小川ＦＭ　店　　　　　　　　　　　　　　",01,"しまむら　　　　　　",9924
2403,"花園　店　　　　　　　　　　　　　　　　",01,"しまむら　　　　　　",9924
2404,"児玉　店　　　　　　　　　　　　　　　　",01,"しまむら　　　　　　",9924
2405,"境　店　　　　　　　　　　　　　　　　　",01,"しまむら　　　　　　",9924
2406,"入間　店　　　　　　　　　　　　　　　　",01,"しまむら　　　　　　",9924
2407,"的　場　店　　　　　　　　　　　　　　　",01,"しまむら　　　　　　",9924
2408,"下藤沢　店　　　　　　　　　　　　　　　",01,"しまむら　　　　　　",9924
2409,"加茂店　　　　　　　　　　　　　　　　　",01,"しまむら　　　　　　",9924
2410,"片山　店　　　　　　　　　　　　　　　　",01,"しまむら　　　　　　",9924
2411,"旭ヶ丘店　　　　　　　　　　　　　　　　",01,"しまむら　　　　　　",9924
2412,"東久留米　店　　　　　　　　　　　　　　",01,"しまむら　　　　　　",9924
2413,"中新井　店　　　　　　　　　　　　　　　",01,"しまむら　　　　　　",9924
2414,"宮寺　店　　　　　　　　　　　　　　　　",01,"しまむら　　　　　　",9924
2415,"除ヶ町　店　　　　　　　　　　　　　　　",01,"しまむら　　　　　　",9924
2416,"鶴瀬　店　　　　　　　　　　　　　　　　",01,"しまむら　　　　　　",9924
2417,"赤堀　店　　　　　　　　　　　　　　　　",01,"しまむら　　　　　　",9924
2418,"中居　店　　　　　　　　　　　　　　　　",01,"しまむら　　　　　　",9924
2419,"石原　店　　　　　　　　　　　　　　　　",01,"しまむら　　　　　　",9924
2420,"天川大島　店　　　　　　　　　　　　　　",01,"しまむら　　　　　　",9924
2421,"菅谷ＦＭ　店　　　　　　　　　　　　　　",01,"しまむら　　　　　　",9924
2422,"上柴店　　　　　　　　　　　　　　　　　",01,"しまむら　　　　　　",9924
2423,"玉村　店　　　　　　　　　　　　　　　　",01,"しまむら　　　　　　",9924
2424,"安中　店　　　　　　　　　　　　　　　　",01,"しまむら　　　　　　",9924
2425,"笠幡　店　　　　　　　　　　　　　　　　",01,"しまむら　　　　　　",9924
2426,"川原店　　　　　　　　　　　　　　　　　",01,"しまむら　　　　　　",9924
2427,"箱田　店　　　　　　　　　　　　　　　　",01,"しまむら　　　　　　",9924
2428,"分水店　　　　　　　　　　　　　　　　　",01,"しまむら　　　　　　",9924
2429,"長瀬　店　　　　　　　　　　　　　　　　",01,"しまむら　　　　　　",9924
2430,"長野原店　　　　　　　　　　　　　　　　",01,"しまむら　　　　　　",9924
2431,"青柳　店　　　　　　　　　　　　　　　　",01,"しまむら　　　　　　",9924
2432,"北入曽店　　　　　　　　　　　　　　　　",01,"しまむら　　　　　　",9924
2433,"金井店　　　　　　　　　　　　　　　　　",01,"しまむら　　　　　　",9924
2434,"新河岸ＦＭ店　　　　　　　　　　　　　　",01,"しまむら　　　　　　",9924
2435,"笠懸　店　　　　　　　　　　　　　　　　",01,"しまむら　　　　　　",9924
2436,"入間野田　店　　　　　　　　　　　　　　",01,"しまむら　　　　　　",9924
2437,"高坂ＦＭ店　　　　　　　　　　　　　　　",01,"しまむら　　　　　　",9924
2438,"沼田ＦＭ　店　　　　　　　　　　　　　　",01,"しまむら　　　　　　",9924
2439,"つきのわ　店　　　　　　　　　　　　　　",01,"しまむら　　　　　　",9924
2440,"巻　店　　　　　　　　　　　　　　　　　",01,"しまむら　　　　　　",9924
2441,"吉田　店　　　　　　　　　　　　　　　　",01,"しまむら　　　　　　",9924
2442,"吉井　店　　　　　　　　　　　　　　　　",01,"しまむら　　　　　　",9924
2443,"とやの　店　　　　　　　　　　　　　　　",01,"しまむら　　　　　　",9924
2444,"渋川　店　　　　　　　　　　　　　　　　",01,"しまむら　　　　　　",9924
2445,"中之条　店　　　　　　　　　　　　　　　",01,"しまむら　　　　　　",9924
2446,"燕　店　　　　　　　　　　　　　　　　　",01,"しまむら　　　　　　",9924
2447,"相生　店　　　　　　　　　　　　　　　　",01,"しまむら　　　　　　",9924
2448,"水原　店　　　　　　　　　　　　　　　　",01,"しまむら　　　　　　",9924
2449,"村松　店　　　　　　　　　　　　　　　　",01,"しまむら　　　　　　",9924
2450,"長野東　店　　　　　　　　　　　　　　　",01,"しまむら　　　　　　",9924
2451,"立科　店　　　　　　　　　　　　　　　　",01,"しまむら　　　　　　",9924
2452,"見附　店　　　　　　　　　　　　　　　　",01,"しまむら　　　　　　",9924
2453,"五泉店　　　　　　　　　　　　　　　　　",01,"しまむら　　　　　　",9924
2454,"鶴ケ島店　　　　　　　　　　　　　　　　",01,"しまむら　　　　　　",9924
2455,"小千谷店　　　　　　　　　　　　　　　　",01,"しまむら　　　　　　",9924
2456,"佐久店　　　　　　　　　　　　　　　　　",01,"しまむら　　　　　　",9924
2457,"丸子店　　　　　　　　　　　　　　　　　",01,"しまむら　　　　　　",9924
2458,"上田築地　店　　　　　　　　　　　　　　",01,"しまむら　　　　　　",9924
2459,"大井店　　　　　　　　　　　　　　　　　",01,"しまむら　　　　　　",9924
2460,"宝町店　　　　　　　　　　　　　　　　　",01,"しまむら　　　　　　",9924
2461,"信濃町　店　　　　　　　　　　　　　　　",01,"しまむら　　　　　　",9924
2462,"塩沢　店　　　　　　　　　　　　　　　　",01,"しまむら　　　　　　",9924
2463,"坂城店　　　　　　　　　　　　　　　　　",01,"しまむら　　　　　　",9924
2464,"小諸　店　　　　　　　　　　　　　　　　",01,"しまむら　　　　　　",9924
2465,"内野店　　　　　　　　　　　　　　　　　",01,"しまむら　　　　　　",9924
2466,"中条　店　　　　　　　　　　　　　　　　",01,"しまむら　　　　　　",9924
2467,"柿崎　店　　　　　　　　　　　　　　　　",01,"しまむら　　　　　　",9924
2468,"村上店　　　　　　　　　　　　　　　　　",01,"しまむら　　　　　　",9924
2469,"亀田ＦＭ店　　　　　　　　　　　　　　　",01,"しまむら　　　　　　",9924
2470,"富岡　店　　　　　　　　　　　　　　　　",01,"しまむら　　　　　　",9924
2471,"東部　店　　　　　　　　　　　　　　　　",01,"しまむら　　　　　　",9924
2472,"東松山　店　　　　　　　　　　　　　　　",01,"しまむら　　　　　　",9924
2473,"西片貝店　　　　　　　　　　　　　　　　",01,"しまむら　　　　　　",9924
2474,"稲葉　店　　　　　　　　　　　　　　　　",01,"しまむら　　　　　　",9924
2475,"更埴店　　　　　　　　　　　　　　　　　",01,"しまむら　　　　　　",9924
2476,"大胡　店　　　　　　　　　　　　　　　　",01,"しまむら　　　　　　",9924
2477,"若槻店　　　　　　　　　　　　　　　　　",01,"しまむら　　　　　　",9924
2478,"新発田店　　　　　　　　　　　　　　　　",01,"しまむら　　　　　　",9924
2479,"越生　店　　　　　　　　　　　　　　　　",01,"しまむら　　　　　　",9924
2480,"松崎　店　　　　　　　　　　　　　　　　",01,"しまむら　　　　　　",9924
2481,"須坂店　　　　　　　　　　　　　　　　　",01,"しまむら　　　　　　",9924
2482,"コモタウンＦＭ　店　　　　　　　　　　　",01,"しまむら　　　　　　",9924
2483,"新津　店　　　　　　　　　　　　　　　　",01,"しまむら　　　　　　",9924
2484,"新町店　　　　　　　　　　　　　　　　　",01,"しまむら　　　　　　",9924
2485,"飯能　店　　　　　　　　　　　　　　　　",01,"しまむら　　　　　　",9924
2486,"栃尾　店　　　　　　　　　　　　　　　　",01,"しまむら　　　　　　",9924
2487,"臼田　店　　　　　　　　　　　　　　　　",01,"しまむら　　　　　　",9924
2488,"長岡川崎ＦＭ店　　　　　　　　　　　　　",01,"しまむら　　　　　　",9924
2489,"下田島　店　　　　　　　　　　　　　　　",01,"しまむら　　　　　　",9924
2490,"白根　店　　　　　　　　　　　　　　　　",01,"しまむら　　　　　　",9924
2491,"上里　店　　　　　　　　　　　　　　　　",01,"しまむら　　　　　　",9924
2492,"北三条店　　　　　　　　　　　　　　　　",01,"しまむら　　　　　　",9924
2493,"坂戸店　　　　　　　　　　　　　　　　　",01,"しまむら　　　　　　",9924
2494,"西友福生店　　　　　　　　　　　　　　　",01,"しまむら　　　　　　",9924
2495,"軽井沢　店　　　　　　　　　　　　　　　",01,"しまむら　　　　　　",9924
2496,"影森　店　　　　　　　　　　　　　　　　",01,"しまむら　　　　　　",9924
2497,"榛名店　　　　　　　　　　　　　　　　　",01,"しまむら　　　　　　",9924
2498,"本庄店　　　　　　　　　　　　　　　　　",01,"しまむら　　　　　　",9924
2499,"豊栄　店　　　　　　　　　　　　　　　　",01,"しまむら　　　　　　",9924
2500,"上越店　　　　　　　　　　　　　　　　　",01,"しまむら　　　　　　",9924
2501,"新井　店　　　　　　　　　　　　　　　　",01,"しまむら　　　　　　",9924
2502,"筑縄店　　　　　　　　　　　　　　　　　",01,"しまむら　　　　　　",9924
2503,"連取　店　　　　　　　　　　　　　　　　",01,"しまむら　　　　　　",9924
2504,"南四日町店　　　　　　　　　　　　　　　",01,"しまむら　　　　　　",9924
2505,"新狭山店　　　　　　　　　　　　　　　　",01,"しまむら　　　　　　",9924
2506,"飯山店　　　　　　　　　　　　　　　　　",01,"しまむら　　　　　　",9924
2507,"マーケットシティ桐生店　　　　　　　　　",01,"しまむら　　　　　　",9924
2508,"貝沢店　　　　　　　　　　　　　　　　　",01,"しまむら　　　　　　",9924
2509,"リップス旭岡店　　　　　　　　　　　　　",01,"しまむら　　　　　　",9924
2510,"糸魚川　店　　　　　　　　　　　　　　　",01,"しまむら　　　　　　",9924
2511,"藤岡　店　　　　　　　　　　　　　　　　",01,"しまむら　　　　　　",9924
2512,"西大和団地　店　　　　　　　　　　　　　",01,"しまむら　　　　　　",9924
2513,"十日町　店　　　　　　　　　　　　　　　",01,"しまむら　　　　　　",9924
2514,"中野店　　　　　　　　　　　　　　　　　",01,"しまむら　　　　　　",9924
2515,"寿　店　　　　　　　　　　　　　　　　　",01,"しまむら　　　　　　",9924
2516,"小出　店　　　　　　　　　　　　　　　　",01,"しまむら　　　　　　",9924
2517,"秩父店　　　　　　　　　　　　　　　　　",01,"しまむら　　　　　　",9924
2518,"長野南店　　　　　　　　　　　　　　　　",01,"しまむら　　　　　　",9924
2519,"上田住吉店　　　　　　　　　　　　　　　",01,"しまむら　　　　　　",9924
2520,"上野台　店　　　　　　　　　　　　　　　",01,"しまむら　　　　　　",9924
2521,"城西の杜店　　　　　　　　　　　　　　　",01,"しまむら　　　　　　",9924
2522,"錦町ＦＭ店　　　　　　　　　　　　　　　",01,"しまむら　　　　　　",9924
2523,"余目　店　　　　　　　　　　　　　　　　",01,"しまむら　　　　　　",9924
2524,"酒田ＦＭ店　　　　　　　　　　　　　　　",01,"しまむら　　　　　　",9924
2525,"江南　店　　　　　　　　　　　　　　　　",01,"しまむら　　　　　　",9924
2526,"高田店　　　　　　　　　　　　　　　　　",01,"しまむら　　　　　　",9924
2527,"旭町店　　　　　　　　　　　　　　　　　",01,"しまむら　　　　　　",9924
2528,"中御所ＦＭ店　　　　　　　　　　　　　　",01,"しまむら　　　　　　",9924
2529,"藤久保店　　　　　　　　　　　　　　　　",01,"しまむら　　　　　　",9924
2530,"宮元町店　　　　　　　　　　　　　　　　",01,"しまむら　　　　　　",9924
2531,"布目店　　　　　　　　　　　　　　　　　",01,"しまむら　　　　　　",9924
2532,"東所沢店　　　　　　　　　　　　　　　　",01,"しまむら　　　　　　",9924
2533,"野上　店　　　　　　　　　　　　　　　　",01,"しまむら　　　　　　",9924
2534,"中藤　店　　　　　　　　　　　　　　　　",01,"しまむら　　　　　　",9924
2535,"東秋留店　　　　　　　　　　　　　　　　",01,"しまむら　　　　　　",9924
2536,"東大和店　　　　　　　　　　　　　　　　",01,"しまむら　　　　　　",9924
2537,"秋津店　　　　　　　　　　　　　　　　　",01,"しまむら　　　　　　",9924
2538,"石川店　　　　　　　　　　　　　　　　　",01,"しまむら　　　　　　",9924
2539,"青梅新町　店　　　　　　　　　　　　　　",01,"しまむら　　　　　　",9924
2540,"城山手　店　　　　　　　　　　　　　　　",01,"しまむら　　　　　　",9924
2541,"梓川　店　　　　　　　　　　　　　　　　",01,"しまむら　　　　　　",9924
2542,"ラーレ八王子諏訪店　　　　　　　　　　　",01,"しまむら　　　　　　",9924
2543,"中野上町店　　　　　　　　　　　　　　　",01,"しまむら　　　　　　",9924
2544,"昭島店　　　　　　　　　　　　　　　　　",01,"しまむら　　　　　　",9924
2545,"天神店　　　　　　　　　　　　　　　　　",01,"しまむら　　　　　　",9924
2546,"幸町　店　　　　　　　　　　　　　　　　",01,"しまむら　　　　　　",9924
2547,"花小金井ＦＭ店　　　　　　　　　　　　　",01,"しまむら　　　　　　",9924
2548,"あきるのプレイス　店　　　　　　　　　　",01,"しまむら　　　　　　",9924
2549,"茅野　店　　　　　　　　　　　　　　　　",01,"しまむら　　　　　　",9924
2550,"広丘　店　　　　　　　　　　　　　　　　",01,"しまむら　　　　　　",9924
2551,"穂高　店　　　　　　　　　　　　　　　　",01,"しまむら　　　　　　",9924
2552,"富士見　店　　　　　　　　　　　　　　　",01,"しまむら　　　　　　",9924
2553,"新山店　　　　　　　　　　　　　　　　　",01,"しまむら　　　　　　",9924
2554,"塩尻店　　　　　　　　　　　　　　　　　",01,"しまむら　　　　　　",9924
2555,"岡谷店　　　　　　　　　　　　　　　　　",01,"しまむら　　　　　　",9924
2556,"芳川店　　　　　　　　　　　　　　　　　",01,"しまむら　　　　　　",9924
2557,"庄内店　　　　　　　　　　　　　　　　　",01,"しまむら　　　　　　",9924
2558,"大町店　　　　　　　　　　　　　　　　　",01,"しまむら　　　　　　",9924
2559,"高島ＦＭ店　　　　　　　　　　　　　　　",01,"しまむら　　　　　　",9924
2560,"川島インター店　　　　　　　　　　　　　",01,"しまむら　　　　　　",9924
2561,"西友久米川店　　　　　　　　　　　　　　",01,"しまむら　　　　　　",9924
2562,"西友ひばりヶ丘　店　　　　　　　　　　　",01,"しまむら　　　　　　",9924
2563,"アルピコプラザ店　　　　　　　　　　　　",01,"しまむら　　　　　　",9924
2564,"ホームズ昭島店　　　　　　　　　　　　　",01,"しまむら　　　　　　",9924
2565,"若葉ケヤキモール店　　　　　　　　　　　",01,"しまむら　　　　　　",9924
2566,"立川駅前店　　　　　　　　　　　　　　　",01,"しまむら　　　　　　",9924
2567,"アクロスプラザ長岡七日町ＦＭ店　　　　　",01,"しまむら　　　　　　",9924
2568,"大泉　店　　　　　　　　　　　　　　　　",01,"しまむら　　　　　　",9924
2569,"野火止　店　　　　　　　　　　　　　　　",01,"しまむら　　　　　　",9924
2570,"小舞木店　　　　　　　　　　　　　　　　",01,"しまむら　　　　　　",9924
2571,"円光店　　　　　　　　　　　　　　　　　",01,"しまむら　　　　　　",9924
2572,"足利五十部　店　　　　　　　　　　　　　",01,"しまむら　　　　　　",9924
2573,"上宗岡　店　　　　　　　　　　　　　　　",01,"しまむら　　　　　　",9924
2574,"朝霞店　　　　　　　　　　　　　　　　　",01,"しまむら　　　　　　",9924
2575,"妻沼店　　　　　　　　　　　　　　　　　",01,"しまむら　　　　　　",9924
2576,"堀込ＦＭ店　　　　　　　　　　　　　　　",01,"しまむら　　　　　　",9924
2577,"箕輪　店　　　　　　　　　　　　　　　　",01,"しまむら　　　　　　",9924
2578,"駒ヶ根　店　　　　　　　　　　　　　　　",01,"しまむら　　　　　　",9924
2579,"飯田店　　　　　　　　　　　　　　　　　",01,"しまむら　　　　　　",9924
2580,"辰野　店　　　　　　　　　　　　　　　　",01,"しまむら　　　　　　",9924
2581,"伊那店　　　　　　　　　　　　　　　　　",01,"しまむら　　　　　　",9924
2582,"駒ヶ根南　店　　　　　　　　　　　　　　",01,"しまむら　　　　　　",9924
2583,"松川　店　　　　　　　　　　　　　　　　",01,"しまむら　　　　　　",9924
2701,"ＺＯＺＯＴＯＷＮ　　　　　　　　　　　　",01,"しまむら　　　　　　",9926
2792,"しまむらＥＣ店　　　　　　　　　　　　　",01,"しまむら　　　　　　",9928
2793,"東松山ＥＣセンター　　　　　　　　　　　",01,"しまむら　　　　　　",9928
2794,"東松山ＥＣセンター　　　　　　　　　　　",01,"しまむら　　　　　　",9928
2795,"東松山ＥＣセンター　　　　　　　　　　　",01,"しまむら　　　　　　",9928
2796,"東松山ＥＣセンター直トク便　　　　　　　",01,"しまむら　　　　　　",9928
2797,"東松山ＥＣセンター　　　　　　　　　　　",01,"しまむら　　　　　　",9928
2798,"東松山ＥＣセンター　　　　　　　　　　　",01,"しまむら　　　　　　",9928
2799,"東松山ＥＣセンター　　　　　　　　　　　",01,"しまむら　　　　　　",9928
2800,"東松山ＥＣセンター　　　　　　　　　　　",01,"しまむら　　　　　　",9928
2802,"茗荷谷駅前店　　　　　　　　　　　　　　",01,"しまむら　　　　　　",9991
2812,"アクアシティお台場店　　　　　　　　　　",01,"しまむら　　　　　　",9991
2813,"下北沢店　　　　　　　　　　　　　　　　",01,"しまむら　　　　　　",9991
2899,"しまむらＥＣ直トク便店　　　　　　　　　",01,"しまむら　　　　　　",9991
2900,"しまむらＥＣ店　　　　　　　　　　　　　",01,"しまむら　　　　　　",9991
2901,"平鎮店　　　　　　　　　　　　　　　　　",03,"思夢楽　　　　　　　",9929
2902,"楊梅店　　　　　　　　　　　　　　　　　",03,"思夢楽　　　　　　　",9929
2903,"頭分店　　　　　　　　　　　　　　　　　",03,"思夢楽　　　　　　　",9929
2904,"新竹店　　　　　　　　　　　　　　　　　",03,"思夢楽　　　　　　　",9929
2905,"板橋篤行路　店　　　　　　　　　　　　　",03,"思夢楽　　　　　　　",9929
2906,"鹿港店　　　　　　　　　　　　　　　　　",03,"思夢楽　　　　　　　",9929
2907,"竹東店　　　　　　　　　　　　　　　　　",03,"思夢楽　　　　　　　",9929
2908,"大全聯忠明店　　　　　　　　　　　　　　",03,"思夢楽　　　　　　　",9929
2909,"五権西路店　　　　　　　　　　　　　　　",03,"思夢楽　　　　　　　",9929
2910,"大渓店　　　　　　　　　　　　　　　　　",03,"思夢楽　　　　　　　",9929
2911,"大里店　　　　　　　　　　　　　　　　　",03,"思夢楽　　　　　　　",9929
2912,"和美店　　　　　　　　　　　　　　　　　",03,"思夢楽　　　　　　　",9929
2913,"北屯路店　　　　　　　　　　　　　　　　",03,"思夢楽　　　　　　　",9929
2914,"苗栗店　　　　　　　　　　　　　　　　　",03,"思夢楽　　　　　　　",9929
2915,"埔里店　　　　　　　　　　　　　　　　　",03,"思夢楽　　　　　　　",9929
2916,"大甲店　　　　　　　　　　　　　　　　　",03,"思夢楽　　　　　　　",9929
2917,"豊原店　　　　　　　　　　　　　　　　　",03,"思夢楽　　　　　　　",9929
2918,"桃園経国路店　　　　　　　　　　　　　　",03,"思夢楽　　　　　　　",9929
2919,"烏日店　　　　　　　　　　　　　　　　　",03,"思夢楽　　　　　　　",9929
2920,"龍潭店　　　　　　　　　　　　　　　　　",03,"思夢楽　　　　　　　",9929
2921,"福科路店　　　　　　　　　　　　　　　　",03,"思夢楽　　　　　　　",9929
2922,"梧棲店　　　　　　　　　　　　　　　　　",03,"思夢楽　　　　　　　",9929
2923,"桃園中山路店　　　　　　　　　　　　　　",03,"思夢楽　　　　　　　",9929
2924,"鶯歌鳳鳴店　　　　　　　　　　　　　　　",03,"思夢楽　　　　　　　",9929
2925,"新営店　　　　　　　　　　　　　　　　　",03,"思夢楽　　　　　　　",9929
2926,"八徳店　　　　　　　　　　　　　　　　　",03,"思夢楽　　　　　　　",9929
2927,"台南中華東路店　　　　　　　　　　　　　",03,"思夢楽　　　　　　　",9929
2928,"中和店　　　　　　　　　　　　　　　　　",03,"思夢楽　　　　　　　",9929
2929,"台南和緯路店　　　　　　　　　　　　　　",03,"思夢楽　　　　　　　",9929
2930,"大雅店　　　　　　　　　　　　　　　　　",03,"思夢楽　　　　　　　",9929
2931,"三峡店　　　　　　　　　　　　　　　　　",03,"思夢楽　　　　　　　",9929
2932,"精武東路店　　　　　　　　　　　　　　　",03,"思夢楽　　　　　　　",9929
2933,"竹北店　　　　　　　　　　　　　　　　　",03,"思夢楽　　　　　　　",9929
2934,"シ南雅街店　　　　　　　　　　　　　　　",03,"思夢楽　　　　　　　",9929
2935,"水シ南店　　　　　　　　　　　　　　　　",03,"思夢楽　　　　　　　",9929
2936,"楠梓店　　　　　　　　　　　　　　　　　",03,"思夢楽　　　　　　　",9929
2937,"林口　店　　　　　　　　　　　　　　　　",03,"思夢楽　　　　　　　",9929
2938,"花木市場店　　　　　　　　　　　　　　　",03,"思夢楽　　　　　　　",9929
2939,"斗六鎮南店　　　　　　　　　　　　　　　",03,"思夢楽　　　　　　　",9929
2940,"校舎路店　　　　　　　　　　　　　　　　",03,"思夢楽　　　　　　　",9929
2941,"湖口店　　　　　　　　　　　　　　　　　",03,"思夢楽　　　　　　　",9929
2942,"安和路店　　　　　　　　　　　　　　　　",03,"思夢楽　　　　　　　",9929
2943,"大園店　　　　　　　　　　　　　　　　　",03,"思夢楽　　　　　　　",9929
2944,"松山民有店　　　　　　　　　　　　　　　",03,"思夢楽　　　　　　　",9929
2945,"員林店　　　　　　　　　　　　　　　　　",03,"思夢楽　　　　　　　",9929
2946,"嘉義店　　　　　　　　　　　　　　　　　",03,"思夢楽　　　　　　　",9929
2947,"五股店　　　　　　　　　　　　　　　　　",03,"思夢楽　　　　　　　",9929
2948,"新荘民安西路店　　　　　　　　　　　　　",03,"思夢楽　　　　　　　",9929
2949,"善導寺站前店　　　　　　　　　　　　　　",03,"思夢楽　　　　　　　",9929
2950,"中山北路店　　　　　　　　　　　　　　　",03,"思夢楽　　　　　　　",9929
2999,"ＥＣサイト店　　　　　　　　　　　　　　",03,"思夢楽　　　　　　　",9929
3001,"小川玉里店　　　　　　　　　　　　　　　",04,"バースデイ　　　　　",9930
3002,"宮原店　　　　　　　　　　　　　　　　　",04,"バースデイ　　　　　",9930
3003,"西大宮店　　　　　　　　　　　　　　　　",04,"バースデイ　　　　　",9930
3004,"ベルクスタウン草加谷塚店　　　　　　　　",04,"バースデイ　　　　　",9930
3005,"研究学園店　　　　　　　　　　　　　　　",04,"バースデイ　　　　　",9930
3006,"城南店　　　　　　　　　　　　　　　　　",04,"バースデイ　　　　　",9930
3007,"伊刈　店　　　　　　　　　　　　　　　　",04,"バースデイ　　　　　",9930
3008,"大田原店　　　　　　　　　　　　　　　　",04,"バースデイ　　　　　",9930
3009,"神栖　店　　　　　　　　　　　　　　　　",04,"バースデイ　　　　　",9930
3010,"幸手　店　　　　　　　　　　　　　　　　",04,"バースデイ　　　　　",9930
3011,"黒磯　店　　　　　　　　　　　　　　　　",04,"バースデイ　　　　　",9930
3012,"今市　店　　　　　　　　　　　　　　　　",04,"バースデイ　　　　　",9930
3013,"西友ひたち野うしく　店　　　　　　　　　",04,"バースデイ　　　　　",9930
3014,"大曽　店　　　　　　　　　　　　　　　　",04,"バースデイ　　　　　",9930
3015,"友部　店　　　　　　　　　　　　　　　　",04,"バースデイ　　　　　",9930
3016,"蓮田店　　　　　　　　　　　　　　　　　",04,"バースデイ　　　　　",9930
3017,"つつみ野店　　　　　　　　　　　　　　　",04,"バースデイ　　　　　",9930
3018,"佐野　店　　　　　　　　　　　　　　　　",04,"バースデイ　　　　　",9930
3019,"真岡店　　　　　　　　　　　　　　　　　",04,"バースデイ　　　　　",9930
3020,"姫子　店　　　　　　　　　　　　　　　　",04,"バースデイ　　　　　",9930
3022,"花田　店　　　　　　　　　　　　　　　　",04,"バースデイ　　　　　",9930
3023,"インターパーク　店　　　　　　　　　　　",04,"バースデイ　　　　　",9930
3024,"東我孫子ＦＭ店　　　　　　　　　　　　　",04,"バースデイ　　　　　",9930
3025,"公津の杜　店　　　　　　　　　　　　　　",04,"バースデイ　　　　　",9930
3026,"マーケットシティ古河店　　　　　　　　　",04,"バースデイ　　　　　",9930
3027,"八日市場　店　　　　　　　　　　　　　　",04,"バースデイ　　　　　",9930
3028,"飯仲小前ＦＭ店　　　　　　　　　　　　　",04,"バースデイ　　　　　",9930
3029,"アクロスモール守谷ＦＭ店　　　　　　　　",04,"バースデイ　　　　　",9930
3030,"佐和店　　　　　　　　　　　　　　　　　",04,"バースデイ　　　　　",9930
3031,"八街　店　　　　　　　　　　　　　　　　",04,"バースデイ　　　　　",9930
3032,"行田店　　　　　　　　　　　　　　　　　",04,"バースデイ　　　　　",9930
3033,"八柱ＦＭ店　　　　　　　　　　　　　　　",04,"バースデイ　　　　　",9930
3035,"米沢店　　　　　　　　　　　　　　　　　",04,"バースデイ　　　　　",9930
3036,"牧の原ＦＭ　店　　　　　　　　　　　　　",04,"バースデイ　　　　　",9930
3038,"佐倉　店　　　　　　　　　　　　　　　　",04,"バースデイ　　　　　",9930
3039,"鹿沼ＦＭ店　　　　　　　　　　　　　　　",04,"バースデイ　　　　　",9930
3041,"下館店　　　　　　　　　　　　　　　　　",04,"バースデイ　　　　　",9930
3042,"ベニバナウォーク桶川　店　　　　　　　　",04,"バースデイ　　　　　",9930
3043,"西平井店　　　　　　　　　　　　　　　　",04,"バースデイ　　　　　",9930
3044,"アゼリアモール店　　　　　　　　　　　　",04,"バースデイ　　　　　",9930
3045,"南平野店　　　　　　　　　　　　　　　　",04,"バースデイ　　　　　",9930
3046,"ビバモール加須店　　　　　　　　　　　　",04,"バースデイ　　　　　",9930
3047,"金明町店　　　　　　　　　　　　　　　　",04,"バースデイ　　　　　",9930
3048,"都賀店　　　　　　　　　　　　　　　　　",04,"バースデイ　　　　　",9930
3049,"さいたま新都心ＦＭ店　　　　　　　　　　",04,"バースデイ　　　　　",9930
3095,"バースデイポップアップ店　　　　　　　　",04,"バースデイ　　　　　",9930
3097,"バースデイＥＣ店　　　　　　　　　　　　",04,"バースデイ　　　　　",9905
3098,"東松山ＥＣセンター　　　　　　　　　　　",04,"バースデイ　　　　　",9905
3099,"東松山ＥＣセンター　　　　　　　　　　　",04,"バースデイ　　　　　",9905
3100,"東松山ＥＣセンター　　　　　　　　　　　",04,"バースデイ　　　　　",9905
3101,"フォルテ津田沼店　　　　　　　　　　　　",04,"バースデイ　　　　　",9931
3102,"富士吉田店　　　　　　　　　　　　　　　",04,"バースデイ　　　　　",9931
3103,"ハーバーシティ蘇我　店　　　　　　　　　",04,"バースデイ　　　　　",9931
3104,"昭和店　　　　　　　　　　　　　　　　　",04,"バースデイ　　　　　",9931
3105,"ときわ台店　　　　　　　　　　　　　　　",04,"バースデイ　　　　　",9931
3106,"名護　店　　　　　　　　　　　　　　　　",04,"バースデイ　　　　　",9931
3107,"栢山ＦＭ店　　　　　　　　　　　　　　　",04,"バースデイ　　　　　",9931
3108,"東金　店　　　　　　　　　　　　　　　　",04,"バースデイ　　　　　",9931
3109,"具志川　店　　　　　　　　　　　　　　　",04,"バースデイ　　　　　",9931
3110,"館山　店　　　　　　　　　　　　　　　　",04,"バースデイ　　　　　",9931
3111,"君津　店　　　　　　　　　　　　　　　　",04,"バースデイ　　　　　",9931
3112,"作草部　店　　　　　　　　　　　　　　　",04,"バースデイ　　　　　",9931
3113,"大網　店　　　　　　　　　　　　　　　　",04,"バースデイ　　　　　",9931
3114,"港川店　　　　　　　　　　　　　　　　　",04,"バースデイ　　　　　",9931
3115,"茂原　店　　　　　　　　　　　　　　　　",04,"バースデイ　　　　　",9931
3116,"サニーモール西葛西　店　　　　　　　　　",04,"バースデイ　　　　　",9931
3117,"八重山ＦＭ　店　　　　　　　　　　　　　",04,"バースデイ　　　　　",9931
3118,"有東坂　店　　　　　　　　　　　　　　　",04,"バースデイ　　　　　",9931
3119,"甲府東ＦＭ店　　　　　　　　　　　　　　",04,"バースデイ　　　　　",9931
3120,"おゆみ野ＦＭ店　　　　　　　　　　　　　",04,"バースデイ　　　　　",9931
3121,"西橋本ＦＭ店　　　　　　　　　　　　　　",04,"バースデイ　　　　　",9931
3122,"辻堂駅前　店　　　　　　　　　　　　　　",04,"バースデイ　　　　　",9931
3123,"御殿場　店　　　　　　　　　　　　　　　",04,"バースデイ　　　　　",9931
3124,"綾瀬タウンヒルズ　店　　　　　　　　　　",04,"バースデイ　　　　　",9931
3125,"木更津　店　　　　　　　　　　　　　　　",04,"バースデイ　　　　　",9931
3126,"ぐりーんうぉーく多摩　店　　　　　　　　",04,"バースデイ　　　　　",9931
3127,"蓼原　店　　　　　　　　　　　　　　　　",04,"バースデイ　　　　　",9931
3128,"成瀬店　　　　　　　　　　　　　　　　　",04,"バースデイ　　　　　",9931
3129,"富士宮店　　　　　　　　　　　　　　　　",04,"バースデイ　　　　　",9931
3130,"マーケットスクエア川崎イースト店　　　　",04,"バースデイ　　　　　",9931
3131,"長泉店　　　　　　　　　　　　　　　　　",04,"バースデイ　　　　　",9931
3132,"焼津　店　　　　　　　　　　　　　　　　",04,"バースデイ　　　　　",9931
3133,"小田原ダイナシティ店　　　　　　　　　　",04,"バースデイ　　　　　",9931
3134,"島田店　　　　　　　　　　　　　　　　　",04,"バースデイ　　　　　",9931
3135,"コーナン京葉船橋インター店　　　　　　　",04,"バースデイ　　　　　",9931
3136,"西友二俣川店　　　　　　　　　　　　　　",04,"バースデイ　　　　　",9931
3137,"スーパービバホーム長津田店　　　　　　　",04,"バースデイ　　　　　",9931
3138,"イオンフードスタイル船堀店　　　　　　　",04,"バースデイ　　　　　",9931
3139,"堀川店　　　　　　　　　　　　　　　　　",04,"バースデイ　　　　　",9931
3140,"大仁ＦＭ店　　　　　　　　　　　　　　　",04,"バースデイ　　　　　",9931
3141,"山里　店　　　　　　　　　　　　　　　　",04,"バースデイ　　　　　",9931
3142,"ダイエー東大島店　　　　　　　　　　　　",04,"バースデイ　　　　　",9931
3143,"パサージオ西新井店　　　　　　　　　　　",04,"バースデイ　　　　　",9931
3144,"三島梅名店　　　　　　　　　　　　　　　",04,"バースデイ　　　　　",9931
3145,"モザイクモール港北店　　　　　　　　　　",04,"バースデイ　　　　　",9931
3146,"東新田店　　　　　　　　　　　　　　　　",04,"バースデイ　　　　　",9931
3151,"石狩　店　　　　　　　　　　　　　　　　",04,"バースデイ　　　　　",9953
3152,"北見メッセ　店　　　　　　　　　　　　　",04,"バースデイ　　　　　",9953
3153,"千歳　店　　　　　　　　　　　　　　　　",04,"バースデイ　　　　　",9953
3154,"清田　店　　　　　　　　　　　　　　　　",04,"バースデイ　　　　　",9953
3155,"苫小牧店　　　　　　　　　　　　　　　　",04,"バースデイ　　　　　",9953
3156,"旭町店　　　　　　　　　　　　　　　　　",04,"バースデイ　　　　　",9953
3157,"稚内ＦＭ店　　　　　　　　　　　　　　　",04,"バースデイ　　　　　",9953
3158,"滝川ＦＭ店　　　　　　　　　　　　　　　",04,"バースデイ　　　　　",9953
3159,"西宮の沢ＦＭ店　　　　　　　　　　　　　",04,"バースデイ　　　　　",9953
3160,"豊岡店　　　　　　　　　　　　　　　　　",04,"バースデイ　　　　　",9953
3161,"西帯広店　　　　　　　　　　　　　　　　",04,"バースデイ　　　　　",9953
3162,"北郷店　　　　　　　　　　　　　　　　　",04,"バースデイ　　　　　",9953
3163,"美原ＦＭ　店　　　　　　　　　　　　　　",04,"バースデイ　　　　　",9953
3164,"フレスポ恵み野　店　　　　　　　　　　　",04,"バースデイ　　　　　",9953
3165,"永山店　　　　　　　　　　　　　　　　　",04,"バースデイ　　　　　",9953
3166,"ウイングベイ小樽店　　　　　　　　　　　",04,"バースデイ　　　　　",9953
3167,"釧路店　　　　　　　　　　　　　　　　　",04,"バースデイ　　　　　",9953
3168,"江別店　　　　　　　　　　　　　　　　　",04,"バースデイ　　　　　",9953
3169,"中標津店　　　　　　　　　　　　　　　　",04,"バースデイ　　　　　",9953
3170,"登別ＦＭ店　　　　　　　　　　　　　　　",04,"バースデイ　　　　　",9953
3201,"丸亀店　　　　　　　　　　　　　　　　　",04,"バースデイ　　　　　",9932
3202,"倉吉　店　　　　　　　　　　　　　　　　",04,"バースデイ　　　　　",9932
3203,"児島　店　　　　　　　　　　　　　　　　",04,"バースデイ　　　　　",9932
3204,"新涯　店　　　　　　　　　　　　　　　　",04,"バースデイ　　　　　",9932
3205,"駅家　店　　　　　　　　　　　　　　　　",04,"バースデイ　　　　　",9932
3206,"鳥取店　　　　　　　　　　　　　　　　　",04,"バースデイ　　　　　",9932
3207,"西条ＦＭ店　　　　　　　　　　　　　　　",04,"バースデイ　　　　　",9932
3208,"中畝ＦＭ店　　　　　　　　　　　　　　　",04,"バースデイ　　　　　",9932
3209,"出雲　店　　　　　　　　　　　　　　　　",04,"バースデイ　　　　　",9932
3210,"ゆめタウン宇部　店　　　　　　　　　　　",04,"バースデイ　　　　　",9932
3211,"津山店　　　　　　　　　　　　　　　　　",04,"バースデイ　　　　　",9932
3212,"原尾島店　　　　　　　　　　　　　　　　",04,"バースデイ　　　　　",9932
3213,"大庭店　　　　　　　　　　　　　　　　　",04,"バースデイ　　　　　",9932
3214,"東山店　　　　　　　　　　　　　　　　　",04,"バースデイ　　　　　",9932
3215,"益田店　　　　　　　　　　　　　　　　　",04,"バースデイ　　　　　",9932
3216,"大津店　　　　　　　　　　　　　　　　　",04,"バースデイ　　　　　",9932
3217,"防府ＦＭ店　　　　　　　　　　　　　　　",04,"バースデイ　　　　　",9932
3218,"イオンタウン周南久米店　　　　　　　　　",04,"バースデイ　　　　　",9932
3219,"イオンタウン姫路店　　　　　　　　　　　",04,"バースデイ　　　　　",9932
3220,"両三柳ＦＭ店　　　　　　　　　　　　　　",04,"バースデイ　　　　　",9932
3221,"大福店　　　　　　　　　　　　　　　　　",04,"バースデイ　　　　　",9932
3222,"観音寺店　　　　　　　　　　　　　　　　",04,"バースデイ　　　　　",9932
3223,"三原店　　　　　　　　　　　　　　　　　",04,"バースデイ　　　　　",9932
3224,"松美町店　　　　　　　　　　　　　　　　",04,"バースデイ　　　　　",9932
3225,"西大寺店　　　　　　　　　　　　　　　　",04,"バースデイ　　　　　",9932
3226,"岩国店　　　　　　　　　　　　　　　　　",04,"バースデイ　　　　　",9932
3227,"新倉敷ＦＭ店　　　　　　　　　　　　　　",04,"バースデイ　　　　　",9932
3228,"観音新町店　　　　　　　　　　　　　　　",04,"バースデイ　　　　　",9932
3229,"呉広モール店　　　　　　　　　　　　　　",04,"バースデイ　　　　　",9932
3251,"三津店　　　　　　　　　　　　　　　　　",04,"バースデイ　　　　　",9956
3252,"東石井　店　　　　　　　　　　　　　　　",04,"バースデイ　　　　　",9956
3253,"今治店　　　　　　　　　　　　　　　　　",04,"バースデイ　　　　　",9956
3254,"伊予三島ＦＭ店　　　　　　　　　　　　　",04,"バースデイ　　　　　",9956
3255,"東雲店　　　　　　　　　　　　　　　　　",04,"バースデイ　　　　　",9956
3256,"大洲店　　　　　　　　　　　　　　　　　",04,"バースデイ　　　　　",9956
3257,"西条店　　　　　　　　　　　　　　　　　",04,"バースデイ　　　　　",9956
3301,"古川店　　　　　　　　　　　　　　　　　",04,"バースデイ　　　　　",9933
3302,"久留米店　　　　　　　　　　　　　　　　",04,"バースデイ　　　　　",9933
3303,"原町　店　　　　　　　　　　　　　　　　",04,"バースデイ　　　　　",9933
3304,"米沢　店　　　　　　　　　　　　　　　　",04,"バースデイ　　　　　",9933
3305,"大河原　店　　　　　　　　　　　　　　　",04,"バースデイ　　　　　",9933
3306,"嶋ＦＭ　店　　　　　　　　　　　　　　　",04,"バースデイ　　　　　",9933
3307,"塩釜北ＦＭ店　　　　　　　　　　　　　　",04,"バースデイ　　　　　",9933
3308,"石巻ＦＭ店　　　　　　　　　　　　　　　",04,"バースデイ　　　　　",9933
3309,"明石台店　　　　　　　　　　　　　　　　",04,"バースデイ　　　　　",9933
3310,"ヨークタウン長町ＦＭ　店　　　　　　　　",04,"バースデイ　　　　　",9933
3311,"中山ＦＭ　店　　　　　　　　　　　　　　",04,"バースデイ　　　　　",9933
3312,"谷川瀬　店　　　　　　　　　　　　　　　",04,"バースデイ　　　　　",9933
3313,"名取店　　　　　　　　　　　　　　　　　",04,"バースデイ　　　　　",9933
3314,"喜久田店　　　　　　　　　　　　　　　　",04,"バースデイ　　　　　",9933
3315,"白河モール店　　　　　　　　　　　　　　",04,"バースデイ　　　　　",9933
3316,"天童ＦＭ店　　　　　　　　　　　　　　　",04,"バースデイ　　　　　",9933
3317,"小名浜ＦＭ店　　　　　　　　　　　　　　",04,"バースデイ　　　　　",9933
3318,"桜田東店　　　　　　　　　　　　　　　　",04,"バースデイ　　　　　",9933
3319,"田子店　　　　　　　　　　　　　　　　　",04,"バースデイ　　　　　",9933
3320,"門田店　　　　　　　　　　　　　　　　　",04,"バースデイ　　　　　",9933
3321,"鎌田店　　　　　　　　　　　　　　　　　",04,"バースデイ　　　　　",9933
3351,"外旭川　店　　　　　　　　　　　　　　　",04,"バースデイ　　　　　",9954
3352,"大館　店　　　　　　　　　　　　　　　　",04,"バースデイ　　　　　",9954
3353,"盛岡中央店　　　　　　　　　　　　　　　",04,"バースデイ　　　　　",9954
3354,"五所川原店　　　　　　　　　　　　　　　",04,"バースデイ　　　　　",9954
3355,"北上北ＦＭ店　　　　　　　　　　　　　　",04,"バースデイ　　　　　",9954
3356,"八戸ＮＴＦＭ店　　　　　　　　　　　　　",04,"バースデイ　　　　　",9954
3357,"横手店　　　　　　　　　　　　　　　　　",04,"バースデイ　　　　　",9954
3358,"仁井田店　　　　　　　　　　　　　　　　",04,"バースデイ　　　　　",9954
3359,"花巻店　　　　　　　　　　　　　　　　　",04,"バースデイ　　　　　",9954
3360,"アクロスプラザ盛岡みたけ店　　　　　　　",04,"バースデイ　　　　　",9954
3361,"末広店　　　　　　　　　　　　　　　　　",04,"バースデイ　　　　　",9954
3362,"沼館店　　　　　　　　　　　　　　　　　",04,"バースデイ　　　　　",9954
3363,"一関店　　　　　　　　　　　　　　　　　",04,"バースデイ　　　　　",9954
3364,"十和田店　　　　　　　　　　　　　　　　",04,"バースデイ　　　　　",9954
3401,"リソラ大府ＦＭ店　　　　　　　　　　　　",04,"バースデイ　　　　　",9934
3402,"松阪　店　　　　　　　　　　　　　　　　",04,"バースデイ　　　　　",9934
3403,"美合ＦＭ　店　　　　　　　　　　　　　　",04,"バースデイ　　　　　",9934
3404,"長久手　店　　　　　　　　　　　　　　　",04,"バースデイ　　　　　",9934
3405,"可児ＦＭ　店　　　　　　　　　　　　　　",04,"バースデイ　　　　　",9934
3406,"フィルタウン小豆餅　店　　　　　　　　　",04,"バースデイ　　　　　",9934
3407,"知立店　　　　　　　　　　　　　　　　　",04,"バースデイ　　　　　",9934
3408,"掛川店　　　　　　　　　　　　　　　　　",04,"バースデイ　　　　　",9934
3409,"イオンタウン鈴鹿玉垣店　　　　　　　　　",04,"バースデイ　　　　　",9934
3410,"大口店　　　　　　　　　　　　　　　　　",04,"バースデイ　　　　　",9934
3411,"中川富田店　　　　　　　　　　　　　　　",04,"バースデイ　　　　　",9934
3412,"篭屋ＦＭ店　　　　　　　　　　　　　　　",04,"バースデイ　　　　　",9934
3413,"袋井店　　　　　　　　　　　　　　　　　",04,"バースデイ　　　　　",9934
3414,"サンストリート浜北店　　　　　　　　　　",04,"バースデイ　　　　　",9934
3415,"入野ＦＭ店　　　　　　　　　　　　　　　",04,"バースデイ　　　　　",9934
3416,"名張ＦＭ　　　　　　　　　　　　　　　　",04,"バースデイ　　　　　",9934
3418,"津　店　　　　　　　　　　　　　　　　　",04,"バースデイ　　　　　",9934
3419,"みよし店　　　　　　　　　　　　　　　　",04,"バースデイ　　　　　",9934
3420,"牟呂ＦＭ店　　　　　　　　　　　　　　　",04,"バースデイ　　　　　",9934
3421,"伊勢みそのＳＣ店　　　　　　　　　　　　",04,"バースデイ　　　　　",9934
3422,"西尾店　　　　　　　　　　　　　　　　　",04,"バースデイ　　　　　",9934
3423,"小牧店　　　　　　　　　　　　　　　　　",04,"バースデイ　　　　　",9934
3424,"春日井店　　　　　　　　　　　　　　　　",04,"バースデイ　　　　　",9934
3450,"バースデイＥＣ店　　　　　　　　　　　　",04,"バースデイ　　　　　",9934
3451,"黒部店　　　　　　　　　　　　　　　　　",04,"バースデイ　　　　　",9955
3452,"呉羽店　　　　　　　　　　　　　　　　　",04,"バースデイ　　　　　",9955
3453,"野々市店　　　　　　　　　　　　　　　　",04,"バースデイ　　　　　",9955
3454,"彦根　店　　　　　　　　　　　　　　　　",04,"バースデイ　　　　　",9955
3455,"ハーツたけふ店　　　　　　　　　　　　　",04,"バースデイ　　　　　",9955
3456,"高柳ＦＭ店　　　　　　　　　　　　　　　",04,"バースデイ　　　　　",9955
3457,"長浜ＦＭ店　　　　　　　　　　　　　　　",04,"バースデイ　　　　　",9955
3458,"各務原店　　　　　　　　　　　　　　　　",04,"バースデイ　　　　　",9955
3459,"開発　店　　　　　　　　　　　　　　　　",04,"バースデイ　　　　　",9955
3460,"亀岡店　　　　　　　　　　　　　　　　　",04,"バースデイ　　　　　",9955
3461,"田原本　店　　　　　　　　　　　　　　　",04,"バースデイ　　　　　",9955
3462,"イオンタウン富雄南　店　　　　　　　　　",04,"バースデイ　　　　　",9955
3463,"七尾店　　　　　　　　　　　　　　　　　",04,"バースデイ　　　　　",9955
3464,"高山店　　　　　　　　　　　　　　　　　",04,"バースデイ　　　　　",9955
3465,"堅田　店　　　　　　　　　　　　　　　　",04,"バースデイ　　　　　",9955
3466,"久世　店　　　　　　　　　　　　　　　　",04,"バースデイ　　　　　",9955
3467,"京田辺店　　　　　　　　　　　　　　　　",04,"バースデイ　　　　　",9955
3468,"宇治店　　　　　　　　　　　　　　　　　",04,"バースデイ　　　　　",9955
3469,"アイタウン上北島　店　　　　　　　　　　",04,"バースデイ　　　　　",9955
3470,"カナートモール伏見店　　　　　　　　　　",04,"バースデイ　　　　　",9955
3471,"滑川店　　　　　　　　　　　　　　　　　",04,"バースデイ　　　　　",9955
3472,"駒井沢ＦＭ店　　　　　　　　　　　　　　",04,"バースデイ　　　　　",9955
3473,"鏡島店　　　　　　　　　　　　　　　　　",04,"バースデイ　　　　　",9955
3474,"園町ＦＭ店　　　　　　　　　　　　　　　",04,"バースデイ　　　　　",9955
3475,"江守中店　　　　　　　　　　　　　　　　",04,"バースデイ　　　　　",9955
3476,"八日市店　　　　　　　　　　　　　　　　",04,"バースデイ　　　　　",9955
3477,"大垣店　　　　　　　　　　　　　　　　　",04,"バースデイ　　　　　",9955
3478,"敦賀ＦＭ店　　　　　　　　　　　　　　　",04,"バースデイ　　　　　",9955
3479,"西友桂店　　　　　　　　　　　　　　　　",04,"バースデイ　　　　　",9955
3501,"橿原　店　　　　　　　　　　　　　　　　",04,"バースデイ　　　　　",9935
3502,"尾上　店　　　　　　　　　　　　　　　　",04,"バースデイ　　　　　",9935
3503,"阪南　店　　　　　　　　　　　　　　　　",04,"バースデイ　　　　　",9935
3504,"高松レインボー店　　　　　　　　　　　　",04,"バースデイ　　　　　",9935
3505,"メラード大和田　店　　　　　　　　　　　",04,"バースデイ　　　　　",9935
3506,"フレスポ福知山店　　　　　　　　　　　　",04,"バースデイ　　　　　",9935
3507,"ジャガータウンＦＭ店　　　　　　　　　　",04,"バースデイ　　　　　",9935
3508,"船場店　　　　　　　　　　　　　　　　　",04,"バースデイ　　　　　",9935
3509,"つかしんＦＭ　店　　　　　　　　　　　　",04,"バースデイ　　　　　",9935
3510,"藍住店　　　　　　　　　　　　　　　　　",04,"バースデイ　　　　　",9935
3511,"八尾南ＦＭ　店　　　　　　　　　　　　　",04,"バースデイ　　　　　",9935
3512,"フレスポしんかな　店　　　　　　　　　　",04,"バースデイ　　　　　",9935
3513,"岩出　店　　　　　　　　　　　　　　　　",04,"バースデイ　　　　　",9935
3514,"ハーバーランド　店　　　　　　　　　　　",04,"バースデイ　　　　　",9935
3515,"大原店　　　　　　　　　　　　　　　　　",04,"バースデイ　　　　　",9935
3516,"葛の葉南　店　　　　　　　　　　　　　　",04,"バースデイ　　　　　",9935
3517,"布引店　　　　　　　　　　　　　　　　　",04,"バースデイ　　　　　",9935
3518,"ニトリモール枚方店　　　　　　　　　　　",04,"バースデイ　　　　　",9935
3519,"上野芝店　　　　　　　　　　　　　　　　",04,"バースデイ　　　　　",9935
3520,"直川ＦＭ店　　　　　　　　　　　　　　　",04,"バースデイ　　　　　",9935
3521,"鶴見ＦＭ店　　　　　　　　　　　　　　　",04,"バースデイ　　　　　",9935
3522,"岸和田カンカンベイサイドモール店　　　　",04,"バースデイ　　　　　",9935
3523,"摂津店　　　　　　　　　　　　　　　　　",04,"バースデイ　　　　　",9935
3524,"ダイエー光明池店　　　　　　　　　　　　",04,"バースデイ　　　　　",9935
3525,"あべの店　　　　　　　　　　　　　　　　",04,"バースデイ　　　　　",9935
3526,"下田部ＦＭ店　　　　　　　　　　　　　　",04,"バースデイ　　　　　",9935
3527,"豊岡店　　　　　　　　　　　　　　　　　",04,"バースデイ　　　　　",9935
3528,"八戸ノ里店　　　　　　　　　　　　　　　",04,"バースデイ　　　　　",9935
3529,"フレンドタウン交野店　　　　　　　　　　",04,"バースデイ　　　　　",9935
3530,"コロワ甲子園店　　　　　　　　　　　　　",04,"バースデイ　　　　　",9935
3531,"ミ・ナーラ店　　　　　　　　　　　　　　",04,"バースデイ　　　　　",9935
3532,"新庄店　　　　　　　　　　　　　　　　　",04,"バースデイ　　　　　",9935
3533,"春日町店　　　　　　　　　　　　　　　　",04,"バースデイ　　　　　",9935
3534,"洲本店　　　　　　　　　　　　　　　　　",04,"バースデイ　　　　　",9935
3535,"石井店　　　　　　　　　　　　　　　　　",04,"バースデイ　　　　　",9935
3551,"境　店　　　　　　　　　　　　　　　　　",04,"バースデイ　　　　　",9927
3552,"中之条店　　　　　　　　　　　　　　　　",04,"バースデイ　　　　　",9927
3553,"とやの　店　　　　　　　　　　　　　　　",04,"バースデイ　　　　　",9927
3554,"コモタウンＦＭ　店　　　　　　　　　　　",04,"バースデイ　　　　　",9927
3555,"上田築地　店　　　　　　　　　　　　　　",04,"バースデイ　　　　　",9927
3556,"上越　店　　　　　　　　　　　　　　　　",04,"バースデイ　　　　　",9927
3557,"フォリオ安堀　店　　　　　　　　　　　　",04,"バースデイ　　　　　",9927
3558,"稲田　店　　　　　　　　　　　　　　　　",04,"バースデイ　　　　　",9927
3559,"入間野田モール店　　　　　　　　　　　　",04,"バースデイ　　　　　",9927
3560,"塩沢　店　　　　　　　　　　　　　　　　",04,"バースデイ　　　　　",9927
3561,"本庄店　　　　　　　　　　　　　　　　　",04,"バースデイ　　　　　",9927
3562,"佐久店　　　　　　　　　　　　　　　　　",04,"バースデイ　　　　　",9927
3563,"新発田ＦＭ店　　　　　　　　　　　　　　",04,"バースデイ　　　　　",9927
3564,"西友福生店　　　　　　　　　　　　　　　",04,"バースデイ　　　　　",9927
3565,"鶴岡店　　　　　　　　　　　　　　　　　",04,"バースデイ　　　　　",9927
3566,"北入曽　店　　　　　　　　　　　　　　　",04,"バースデイ　　　　　",9927
3567,"新所沢店　　　　　　　　　　　　　　　　",04,"バースデイ　　　　　",9927
3568,"亀田店　　　　　　　　　　　　　　　　　",04,"バースデイ　　　　　",9927
3569,"花小金井ＦＭ店　　　　　　　　　　　　　",04,"バースデイ　　　　　",9927
3570,"日の出　店　　　　　　　　　　　　　　　",04,"バースデイ　　　　　",9927
3571,"青梅　店　　　　　　　　　　　　　　　　",04,"バースデイ　　　　　",9927
3572,"東松山駅前店　　　　　　　　　　　　　　",04,"バースデイ　　　　　",9927
3573,"若宮店　　　　　　　　　　　　　　　　　",04,"バースデイ　　　　　",9927
3574,"酒田ＦＭ店　　　　　　　　　　　　　　　",04,"バースデイ　　　　　",9927
3575,"新河岸店　　　　　　　　　　　　　　　　",04,"バースデイ　　　　　",9927
3576,"元総社ＦＭ　店　　　　　　　　　　　　　",04,"バースデイ　　　　　",9927
3577,"芳川ＦＭ店　　　　　　　　　　　　　　　",04,"バースデイ　　　　　",9927
3578,"西友ひばりヶ丘　店　　　　　　　　　　　",04,"バースデイ　　　　　",9927
3579,"朝倉店　　　　　　　　　　　　　　　　　",04,"バースデイ　　　　　",9927
3580,"アクロスプラザ笠懸店　　　　　　　　　　",04,"バースデイ　　　　　",9927
3581,"諏訪店　　　　　　　　　　　　　　　　　",04,"バースデイ　　　　　",9927
3582,"アクロスプラザ長岡七日町ＦＭ店　　　　　",04,"バースデイ　　　　　",9927
3583,"東大和店　　　　　　　　　　　　　　　　",04,"バースデイ　　　　　",9927
3584,"ヨークタウン足利　店　　　　　　　　　　",04,"バースデイ　　　　　",9927
3585,"ベスタ大泉店　　　　　　　　　　　　　　",04,"バースデイ　　　　　",9927
3586,"朝霞ＦＭ店　　　　　　　　　　　　　　　",04,"バースデイ　　　　　",9927
3587,"箱田店　　　　　　　　　　　　　　　　　",04,"バースデイ　　　　　",9927
3588,"伊那店　　　　　　　　　　　　　　　　　",04,"バースデイ　　　　　",9927
3589,"燕三条ＦＭ店　　　　　　　　　　　　　　",04,"バースデイ　　　　　",9927
3590,"富岡ＦＭ店　　　　　　　　　　　　　　　",04,"バースデイ　　　　　",9927
3591,"籠原店　　　　　　　　　　　　　　　　　",04,"バースデイ　　　　　",9927
3596,"東松山ＥＣセンター直トク便　　　　　　　",04,"バースデイ　　　　　",9905
3597,"東松山ＥＣセンター　　　　　　　　　　　",04,"バースデイ　　　　　",9905
3598,"東松山ＥＣセンター　　　　　　　　　　　",04,"バースデイ　　　　　",9905
3599,"東松山ＥＣセンター　　　　　　　　　　　",04,"バースデイ　　　　　",9905
3600,"東松山ＥＣセンター　　　　　　　　　　　",04,"バースデイ　　　　　",9905
3601,"小郡　店　　　　　　　　　　　　　　　　",04,"バースデイ　　　　　",9936
3602,"久留米櫛原　店　　　　　　　　　　　　　",04,"バースデイ　　　　　",9936
3603,"森山　店　　　　　　　　　　　　　　　　",04,"バースデイ　　　　　",9936
3604,"筑後ＦＭ店　　　　　　　　　　　　　　　",04,"バースデイ　　　　　",9936
3605,"わさだＦＭ店　　　　　　　　　　　　　　",04,"バースデイ　　　　　",9936
3606,"ひびきのＦＭ店　　　　　　　　　　　　　",04,"バースデイ　　　　　",9936
3607,"門司ＦＭ店　　　　　　　　　　　　　　　",04,"バースデイ　　　　　",9936
3608,"小嶺ＦＭ店　　　　　　　　　　　　　　　",04,"バースデイ　　　　　",9936
3609,"新宮店　　　　　　　　　　　　　　　　　",04,"バースデイ　　　　　",9936
3610,"大村店　　　　　　　　　　　　　　　　　",04,"バースデイ　　　　　",9936
3611,"兵庫町店　　　　　　　　　　　　　　　　",04,"バースデイ　　　　　",9936
3612,"チャチャタウン小倉　店　　　　　　　　　",04,"バースデイ　　　　　",9936
3613,"今宿　店　　　　　　　　　　　　　　　　",04,"バースデイ　　　　　",9936
3614,"ゆめタウン長府　店　　　　　　　　　　　",04,"バースデイ　　　　　",9936
3615,"時津ＦＭ　店　　　　　　　　　　　　　　",04,"バースデイ　　　　　",9936
3616,"横手南ＦＭ　店　　　　　　　　　　　　　",04,"バースデイ　　　　　",9936
3617,"コスタ行橋店　　　　　　　　　　　　　　",04,"バースデイ　　　　　",9936
3618,"ゆめタウン大牟田　店　　　　　　　　　　",04,"バースデイ　　　　　",9936
3619,"ゆめタウン中津店　　　　　　　　　　　　",04,"バースデイ　　　　　",9936
3620,"太宰府店　　　　　　　　　　　　　　　　",04,"バースデイ　　　　　",9936
3621,"あけのアクロスタウン店　　　　　　　　　",04,"バースデイ　　　　　",9936
3622,"宇美店　　　　　　　　　　　　　　　　　",04,"バースデイ　　　　　",9936
3623,"サニーサイドモール小倉　店　　　　　　　",04,"バースデイ　　　　　",9936
3624,"新椋野店　　　　　　　　　　　　　　　　",04,"バースデイ　　　　　",9936
3625,"春日フォレストシティＦＭ店　　　　　　　",04,"バースデイ　　　　　",9936
3626,"イオン佐世保白岳店　　　　　　　　　　　",04,"バースデイ　　　　　",9936
3627,"伊万里ＦＭ店　　　　　　　　　　　　　　",04,"バースデイ　　　　　",9936
3628,"くりえいと宗像店　　　　　　　　　　　　",04,"バースデイ　　　　　",9936
3629,"宇佐ＦＭ店　　　　　　　　　　　　　　　",04,"バースデイ　　　　　",9936
3630,"飯塚店　　　　　　　　　　　　　　　　　",04,"バースデイ　　　　　",9936
3631,"佐伯ＦＭ店　　　　　　　　　　　　　　　",04,"バースデイ　　　　　",9936
3632,"日出店　　　　　　　　　　　　　　　　　",04,"バースデイ　　　　　",9936
3633,"別府ＦＭ店　　　　　　　　　　　　　　　",04,"バースデイ　　　　　",9936
3634,"皿倉テラス店　　　　　　　　　　　　　　",04,"バースデイ　　　　　",9936
3651,"都城店　　　　　　　　　　　　　　　　　",04,"バースデイ　　　　　",9957
3652,"鹿屋　店　　　　　　　　　　　　　　　　",04,"バースデイ　　　　　",9957
3653,"八代　店　　　　　　　　　　　　　　　　",04,"バースデイ　　　　　",9957
3654,"姶良　店　　　　　　　　　　　　　　　　",04,"バースデイ　　　　　",9957
3655,"長嶺　店　　　　　　　　　　　　　　　　",04,"バースデイ　　　　　",9957
3656,"菊陽メガモール　店　　　　　　　　　　　",04,"バースデイ　　　　　",9957
3657,"吉村　店　　　　　　　　　　　　　　　　",04,"バースデイ　　　　　",9957
3658,"イオン隼人国分店　　　　　　　　　　　　",04,"バースデイ　　　　　",9957
3659,"出水　店　　　　　　　　　　　　　　　　",04,"バースデイ　　　　　",9957
3660,"人吉店　　　　　　　　　　　　　　　　　",04,"バースデイ　　　　　",9957
3661,"アクロスプラザ与次郎店　　　　　　　　　",04,"バースデイ　　　　　",9957
3662,"川内店　　　　　　　　　　　　　　　　　",04,"バースデイ　　　　　",9957
3663,"ベアーズモール清武店　　　　　　　　　　",04,"バースデイ　　　　　",9957
3699,"バースデイＥＣ直トク便店　　　　　　　　",04,"バースデイ　　　　　",9957
3700,"バースデイＥＣ店　　　　　　　　　　　　",04,"バースデイ　　　　　",9957
3701,"佐野店　　　　　　　　　　　　　　　　　",05,"シャンブル　　　　　",9937
3702,"真岡店　　　　　　　　　　　　　　　　　",05,"シャンブル　　　　　",9937
3703,"黒磯店　　　　　　　　　　　　　　　　　",05,"シャンブル　　　　　",9937
3704,"大田原店　　　　　　　　　　　　　　　　",05,"シャンブル　　　　　",9937
3705,"今市店　　　　　　　　　　　　　　　　　",05,"シャンブル　　　　　",9937
3706,"鹿嶋ＦＭ　店　　　　　　　　　　　　　　",05,"シャンブル　　　　　",9937
3707,"鉾田店　　　　　　　　　　　　　　　　　",05,"シャンブル　　　　　",9937
3708,"東我孫子店　　　　　　　　　　　　　　　",05,"シャンブル　　　　　",9937
3709,"ヨークタウン石橋店　　　　　　　　　　　",05,"シャンブル　　　　　",9937
3710,"那珂湊店　　　　　　　　　　　　　　　　",05,"シャンブル　　　　　",9937
3711,"友部店　　　　　　　　　　　　　　　　　",05,"シャンブル　　　　　",9937
3712,"牧の原ＦＭ店　　　　　　　　　　　　　　",05,"シャンブル　　　　　",9937
3713,"蓮田店　　　　　　　　　　　　　　　　　",05,"シャンブル　　　　　",9937
3715,"旭店　　　　　　　　　　　　　　　　　　",05,"シャンブル　　　　　",9937
3716,"見和店　　　　　　　　　　　　　　　　　",05,"シャンブル　　　　　",9937
3801,"館山店　　　　　　　　　　　　　　　　　",05,"シャンブル　　　　　",9938
3802,"富士吉田店　　　　　　　　　　　　　　　",05,"シャンブル　　　　　",9938
3803,"八重山ＦＭ店　　　　　　　　　　　　　　",05,"シャンブル　　　　　",9938
3804,"東金ＦＭ店　　　　　　　　　　　　　　　",05,"シャンブル　　　　　",9938
3805,"焼津店　　　　　　　　　　　　　　　　　",05,"シャンブル　　　　　",9938
3806,"成瀬店　　　　　　　　　　　　　　　　　",05,"シャンブル　　　　　",9938
3807,"茂原店　　　　　　　　　　　　　　　　　",05,"シャンブル　　　　　",9938
3808,"大仁ＦＭ店　　　　　　　　　　　　　　　",05,"シャンブル　　　　　",9938
3851,"永山店　　　　　　　　　　　　　　　　　",05,"シャンブル　　　　　",9958
3852,"屯田店　　　　　　　　　　　　　　　　　",05,"シャンブル　　　　　",9958
3853,"苫小牧店　　　　　　　　　　　　　　　　",05,"シャンブル　　　　　",9958
3854,"北野店　　　　　　　　　　　　　　　　　",05,"シャンブル　　　　　",9958
3855,"北見メッセ店　　　　　　　　　　　　　　",05,"シャンブル　　　　　",9958
3856,"モルエ中島店　　　　　　　　　　　　　　",05,"シャンブル　　　　　",9958
3857,"星置ＦＭ店　　　　　　　　　　　　　　　",05,"シャンブル　　　　　",9958
3858,"帯広南ＦＭ店　　　　　　　　　　　　　　",05,"シャンブル　　　　　",9958
3859,"ウイングベイ小樽　店　　　　　　　　　　",05,"シャンブル　　　　　",9958
3860,"美原店　　　　　　　　　　　　　　　　　",05,"シャンブル　　　　　",9958
3901,"倉吉店　　　　　　　　　　　　　　　　　",05,"シャンブル　　　　　",9939
3902,"駅家店　　　　　　　　　　　　　　　　　",05,"シャンブル　　　　　",9939
3903,"黒田ＦＭ店　　　　　　　　　　　　　　　",05,"シャンブル　　　　　",9939
3904,"鳥取ＦＭ店　　　　　　　　　　　　　　　",05,"シャンブル　　　　　",9939
3905,"出雲ＦＭ店　　　　　　　　　　　　　　　",05,"シャンブル　　　　　",9939
3906,"花田店　　　　　　　　　　　　　　　　　",05,"シャンブル　　　　　",9939
3907,"丸亀店　　　　　　　　　　　　　　　　　",05,"シャンブル　　　　　",9939
3908,"両三柳ＦＭ店　　　　　　　　　　　　　　",05,"シャンブル　　　　　",9939
3909,"津山店　　　　　　　　　　　　　　　　　",05,"シャンブル　　　　　",9939
3910,"南岩国店　　　　　　　　　　　　　　　　",05,"シャンブル　　　　　",9939
3911,"笠岡店　　　　　　　　　　　　　　　　　",05,"シャンブル　　　　　",9939
3951,"ジョープラ店　　　　　　　　　　　　　　",05,"シャンブル　　　　　",9961
3952,"フレスポ今治店　　　　　　　　　　　　　",05,"シャンブル　　　　　",9961
3953,"西条店　　　　　　　　　　　　　　　　　",05,"シャンブル　　　　　",9961
4001,"古川店　　　　　　　　　　　　　　　　　",05,"シャンブル　　　　　",9940
4002,"嶋ＦＭ店　　　　　　　　　　　　　　　　",05,"シャンブル　　　　　",9940
4003,"米沢店　　　　　　　　　　　　　　　　　",05,"シャンブル　　　　　",9940
4004,"門田店　　　　　　　　　　　　　　　　　",05,"シャンブル　　　　　",9940
4005,"大河原店　　　　　　　　　　　　　　　　",05,"シャンブル　　　　　",9940
4006,"富田　店　　　　　　　　　　　　　　　　",05,"シャンブル　　　　　",9940
4007,"大森ＦＭ店　　　　　　　　　　　　　　　",05,"シャンブル　　　　　",9940
4008,"中山ＦＭ　店　　　　　　　　　　　　　　",05,"シャンブル　　　　　",9940
4009,"谷川瀬　店　　　　　　　　　　　　　　　",05,"シャンブル　　　　　",9940
4010,"白河モール店　　　　　　　　　　　　　　",05,"シャンブル　　　　　",9940
4051,"十和田店　　　　　　　　　　　　　　　　",05,"シャンブル　　　　　",9959
4052,"城東高田店　　　　　　　　　　　　　　　",05,"シャンブル　　　　　",9959
4053,"青山店　　　　　　　　　　　　　　　　　",05,"シャンブル　　　　　",9959
4054,"むつ店　　　　　　　　　　　　　　　　　",05,"シャンブル　　　　　",9959
4055,"田向ＦＭ店　　　　　　　　　　　　　　　",05,"シャンブル　　　　　",9959
4056,"大館店　　　　　　　　　　　　　　　　　",05,"シャンブル　　　　　",9959
4057,"茨島店　　　　　　　　　　　　　　　　　",05,"シャンブル　　　　　",9959
4058,"水沢店　　　　　　　　　　　　　　　　　",05,"シャンブル　　　　　",9959
4059,"横手店　　　　　　　　　　　　　　　　　",05,"シャンブル　　　　　",9959
4101,"高丘店　　　　　　　　　　　　　　　　　",05,"シャンブル　　　　　",9941
4102,"掛川店　　　　　　　　　　　　　　　　　",05,"シャンブル　　　　　",9941
4104,"松阪南ＦＭ店　　　　　　　　　　　　　　",05,"シャンブル　　　　　",9941
4150,"シャンブルＥＣ店　　　　　　　　　　　　",05,"シャンブル　　　　　",9941
4151,"長浜ＦＭ店　　　　　　　　　　　　　　　",05,"シャンブル　　　　　",9960
4152,"ハーツタウンわかさ　店　　　　　　　　　",05,"シャンブル　　　　　",9960
4153,"鯖江　店　　　　　　　　　　　　　　　　",05,"シャンブル　　　　　",9960
4154,"奈良古市店　　　　　　　　　　　　　　　",05,"シャンブル　　　　　",9960
4155,"高岡店　　　　　　　　　　　　　　　　　",05,"シャンブル　　　　　",9960
4156,"野々市店　　　　　　　　　　　　　　　　",05,"シャンブル　　　　　",9960
4157,"薮田ＦＭ店　　　　　　　　　　　　　　　",05,"シャンブル　　　　　",9960
4158,"高柳店　　　　　　　　　　　　　　　　　",05,"シャンブル　　　　　",9960
4159,"若杉店　　　　　　　　　　　　　　　　　",05,"シャンブル　　　　　",9960
4160,"八日市ＦＭ店　　　　　　　　　　　　　　",05,"シャンブル　　　　　",9960
4201,"茨木店　　　　　　　　　　　　　　　　　",05,"シャンブル　　　　　",9942
4202,"ハーバーランド　店　　　　　　　　　　　",05,"シャンブル　　　　　",9942
4203,"岩出　店　　　　　　　　　　　　　　　　",05,"シャンブル　　　　　",9942
4204,"桜井店　　　　　　　　　　　　　　　　　",05,"シャンブル　　　　　",9942
4205,"新庄店　　　　　　　　　　　　　　　　　",05,"シャンブル　　　　　",9942
4206,"ブルメール舞多聞店　　　　　　　　　　　",05,"シャンブル　　　　　",9942
4207,"峰山店　　　　　　　　　　　　　　　　　",05,"シャンブル　　　　　",9942
4208,"東山崎店　　　　　　　　　　　　　　　　",05,"シャンブル　　　　　",9942
4250,"ジョイパーク泉ヶ丘店　　　　　　　　　　",05,"シャンブル　　　　　",9942
4251,"伊勢崎店　　　　　　　　　　　　　　　　",05,"シャンブル　　　　　",9929
4252,"東松山店　　　　　　　　　　　　　　　　",05,"シャンブル　　　　　",9929
4253,"臼田　店　　　　　　　　　　　　　　　　",05,"シャンブル　　　　　",9929
4254,"富岡店　　　　　　　　　　　　　　　　　",05,"シャンブル　　　　　",9929
4255,"長野南店　　　　　　　　　　　　　　　　",05,"シャンブル　　　　　",9929
4256,"入間野田店　　　　　　　　　　　　　　　",05,"シャンブル　　　　　",9929
4257,"上田築地店　　　　　　　　　　　　　　　",05,"シャンブル　　　　　",9929
4258,"上越店　　　　　　　　　　　　　　　　　",05,"シャンブル　　　　　",9929
4259,"小川ＦＭ　店　　　　　　　　　　　　　　",05,"シャンブル　　　　　",9929
4260,"籠原店　　　　　　　　　　　　　　　　　",05,"シャンブル　　　　　",9929
4261,"錦町ＦＭ店　　　　　　　　　　　　　　　",05,"シャンブル　　　　　",9929
4262,"福沢ＦＭ店　　　　　　　　　　　　　　　",05,"シャンブル　　　　　",9929
4263,"鶴岡店　　　　　　　　　　　　　　　　　",05,"シャンブル　　　　　",9929
4264,"沼田ＦＭ　店　　　　　　　　　　　　　　",05,"シャンブル　　　　　",9929
4265,"青梅店　　　　　　　　　　　　　　　　　",05,"シャンブル　　　　　",9929
4266,"あきるのプレイス　店　　　　　　　　　　",05,"シャンブル　　　　　",9929
4267,"元総社ＦＭ店　　　　　　　　　　　　　　",05,"シャンブル　　　　　",9929
4268,"芳川ＦＭ店　　　　　　　　　　　　　　　",05,"シャンブル　　　　　",9929
4269,"イオンタウン酒田店　　　　　　　　　　　",05,"シャンブル　　　　　",9929
4270,"朝倉店　　　　　　　　　　　　　　　　　",05,"シャンブル　　　　　",9929
4271,"亀田ＦＭ店　　　　　　　　　　　　　　　",05,"シャンブル　　　　　",9929
4272,"新河岸ＦＭ店　　　　　　　　　　　　　　",05,"シャンブル　　　　　",9929
4273,"野火止店　　　　　　　　　　　　　　　　",05,"シャンブル　　　　　",9929
4274,"伊那店　　　　　　　　　　　　　　　　　",05,"シャンブル　　　　　",9929
4275,"燕三条ＦＭ店　　　　　　　　　　　　　　",05,"シャンブル　　　　　",9929
4292,"シャンブルＥＣ店　　　　　　　　　　　　",05,"シャンブル　　　　　",9907
4293,"東松山ＥＣセンター　　　　　　　　　　　",05,"シャンブル　　　　　",9907
4294,"東松山ＥＣセンター　　　　　　　　　　　",05,"シャンブル　　　　　",9907
4295,"東松山ＥＣセンター　　　　　　　　　　　",05,"シャンブル　　　　　",9907
4296,"東松山ＥＣセンター直トク便　　　　　　　",05,"シャンブル　　　　　",9907
4297,"東松山ＥＣセンター　　　　　　　　　　　",05,"シャンブル　　　　　",9907
4298,"東松山ＥＣセンター　　　　　　　　　　　",05,"シャンブル　　　　　",9907
4299,"東松山ＥＣセンター　　　　　　　　　　　",05,"シャンブル　　　　　",9907
4300,"東松山ＥＣセンター　　　　　　　　　　　",05,"シャンブル　　　　　",9907
4301,"久留米櫛原店　　　　　　　　　　　　　　",05,"シャンブル　　　　　",9943
4302,"森山店　　　　　　　　　　　　　　　　　",05,"シャンブル　　　　　",9943
4303,"大村北ＦＭ店　　　　　　　　　　　　　　",05,"シャンブル　　　　　",9943
4304,"伊万里店　　　　　　　　　　　　　　　　",05,"シャンブル　　　　　",9943
4305,"時津ＦＭ　店　　　　　　　　　　　　　　",05,"シャンブル　　　　　",9943
4306,"コスタ行橋店　　　　　　　　　　　　　　",05,"シャンブル　　　　　",9943
4307,"シュロアモール筑紫野店　　　　　　　　　",05,"シャンブル　　　　　",9943
4308,"コスモタウン佐伯店　　　　　　　　　　　",05,"シャンブル　　　　　",9943
4309,"今宿ＦＭ店　　　　　　　　　　　　　　　",05,"シャンブル　　　　　",9943
4310,"ひびきの店　　　　　　　　　　　　　　　",05,"シャンブル　　　　　",9943
4311,"日田ＦＭ店　　　　　　　　　　　　　　　",05,"シャンブル　　　　　",9943
4312,"宇佐ＦＭ店　　　　　　　　　　　　　　　",05,"シャンブル　　　　　",9943
4313,"別府ＦＭ店　　　　　　　　　　　　　　　",05,"シャンブル　　　　　",9943
4351,"鹿屋店　　　　　　　　　　　　　　　　　",05,"シャンブル　　　　　",9962
4352,"荒尾店　　　　　　　　　　　　　　　　　",05,"シャンブル　　　　　",9962
4353,"姶良ＦＭ店　　　　　　　　　　　　　　　",05,"シャンブル　　　　　",9962
4354,"八代店　　　　　　　　　　　　　　　　　",05,"シャンブル　　　　　",9962
4355,"日向店　　　　　　　　　　　　　　　　　",05,"シャンブル　　　　　",9962
4356,"出水店　　　　　　　　　　　　　　　　　",05,"シャンブル　　　　　",9962
4357,"都城店　　　　　　　　　　　　　　　　　",05,"シャンブル　　　　　",9962
4381,"北海道　　　　　　　　　　　　　　　　　",05,"シャンブル　　　　　",9962
4382,"北東北　　　　　　　　　　　　　　　　　",05,"シャンブル　　　　　",9962
4383,"南東北　　　　　　　　　　　　　　　　　",05,"シャンブル　　　　　",9962
4384,"関東Ａ　　　　　　　　　　　　　　　　　",05,"シャンブル　　　　　",9962
4385,"関東Ｂ・沖縄　　　　　　　　　　　　　　",05,"シャンブル　　　　　",9962
4386,"関東Ｃ　　　　　　　　　　　　　　　　　",05,"シャンブル　　　　　",9962
4387,"信越・富山・石川　　　　　　　　　　　　",05,"シャンブル　　　　　",9962
4388,"東海・福井・滋賀　　　　　　　　　　　　",05,"シャンブル　　　　　",9962
4389,"関西　　　　　　　　　　　　　　　　　　",05,"シャンブル　　　　　",9962
4390,"中国・四国　　　　　　　　　　　　　　　",05,"シャンブル　　　　　",9962
4391,"北九州　　　　　　　　　　　　　　　　　",05,"シャンブル　　　　　",9962
4392,"南九州　　　　　　　　　　　　　　　　　",05,"シャンブル　　　　　",9962
4399,"シャンブルＥＣ直トク便店　　　　　　　　",05,"シャンブル　　　　　",9962
4400,"シャンブルＥＣ店　　　　　　　　　　　　",05,"シャンブル　　　　　",9962
4401,"鹿嶋ＦＭ　店　　　　　　　　　　　　　　",06,"ディバロ　　　　　　",9944
4402,"西大宮店　　　　　　　　　　　　　　　　",06,"ディバロ　　　　　　",9944
4403,"ホームズ宮原　店　　　　　　　　　　　　",06,"ディバロ　　　　　　",9944
4404,"マツバラテラス店　　　　　　　　　　　　",06,"ディバロ　　　　　　",9944
4451,"神戸西ＦＭ店　　　　　　　　　　　　　　",06,"ディバロ　　　　　　",9966
4452,"ジョイパーク泉ヶ丘店　　　　　　　　　　",06,"ディバロ　　　　　　",9966
4453,"塩草　店　　　　　　　　　　　　　　　　",06,"ディバロ　　　　　　",9966
4454,"つかしん店　　　　　　　　　　　　　　　",06,"ディバロ　　　　　　",9966
4501,"大網　店　　　　　　　　　　　　　　　　",06,"ディバロ　　　　　　",9945
4502,"ハーモス荏田店　　　　　　　　　　　　　",06,"ディバロ　　　　　　",9945
4503,"小田原シティーモールＦＭ店　　　　　　　",06,"ディバロ　　　　　　",9945
4504,"藤沢ＦＭ店　　　　　　　　　　　　　　　",06,"ディバロ　　　　　　",9945
4505,"貝取ＦＭ店　　　　　　　　　　　　　　　",06,"ディバロ　　　　　　",9945
4506,"狭間店　　　　　　　　　　　　　　　　　",06,"ディバロ　　　　　　",9945
4507,"三山　店　　　　　　　　　　　　　　　　",06,"ディバロ　　　　　　",9945
4508,"スーパービバホーム長津田店　　　　　　　",06,"ディバロ　　　　　　",9945
4551,"美原ＦＭ　店　　　　　　　　　　　　　　",06,"ディバロ　　　　　　",9963
4601,"フレスポ神辺ＦＭ店　　　　　　　　　　　",06,"ディバロ　　　　　　",9946
4602,"防府　店　　　　　　　　　　　　　　　　",06,"ディバロ　　　　　　",9946
4603,"出雲ＦＭ店　　　　　　　　　　　　　　　",06,"ディバロ　　　　　　",9946
4604,"ゆめタウン学園　店　　　　　　　　　　　",06,"ディバロ　　　　　　",9946
4651,"ジョープラ　店　　　　　　　　　　　　　",06,"ディバロ　　　　　　",9967
4701,"喜久田ＦＭ店　　　　　　　　　　　　　　",06,"ディバロ　　　　　　",9947
4751,"青梅　店　　　　　　　　　　　　　　　　",06,"ディバロ　　　　　　",9971
4752,"朝倉店　　　　　　　　　　　　　　　　　",06,"ディバロ　　　　　　",9971
4792,"ディバロＥＣ店　　　　　　　　　　　　　",06,"ディバロ　　　　　　",9925
4793,"東松山ＥＣセンター　　　　　　　　　　　",06,"ディバロ　　　　　　",9925
4794,"東松山ＥＣセンター　　　　　　　　　　　",06,"ディバロ　　　　　　",9925
4795,"東松山ＥＣセンター　　　　　　　　　　　",06,"ディバロ　　　　　　",9925
4796,"東松山ＥＣセンター直トク便　　　　　　　",06,"ディバロ　　　　　　",9925
4797,"東松山ＥＣセンター　　　　　　　　　　　",06,"ディバロ　　　　　　",9925
4798,"東松山ＥＣセンター　　　　　　　　　　　",06,"ディバロ　　　　　　",9925
4799,"東松山ＥＣセンター　　　　　　　　　　　",06,"ディバロ　　　　　　",9925
4800,"東松山ＥＣセンター　　　　　　　　　　　",06,"ディバロ　　　　　　",9925
4801,"アズタウン千音寺店　　　　　　　　　　　",06,"ディバロ　　　　　　",9948
4850,"ディバロＥＣ店　　　　　　　　　　　　　",06,"ディバロ　　　　　　",9948
4851,"ガーデンモール木津川店　　　　　　　　　",06,"ディバロ　　　　　　",9965
4852,"ピエリ守山店　　　　　　　　　　　　　　",06,"ディバロ　　　　　　",9965
4853,"八日市ＦＭ店　　　　　　　　　　　　　　",06,"ディバロ　　　　　　",9965
4901,"別府ＦＭ店　　　　　　　　　　　　　　　",06,"ディバロ　　　　　　",9949
4902,"サニーサイドモール小倉店　　　　　　　　",06,"ディバロ　　　　　　",9949
4981,"東日本　　　　　　　　　　　　　　　　　",06,"ディバロ　　　　　　",9968
4982,"中日本　　　　　　　　　　　　　　　　　",06,"ディバロ　　　　　　",9968
4983,"西日本　　　　　　　　　　　　　　　　　",06,"ディバロ　　　　　　",9968
4999,"ディバロＥＣ直トク便店　　　　　　　　　",06,"ディバロ　　　　　　",9968
5000,"ディバロＥＣ店　　　　　　　　　　　　　",06,"ディバロ　　　　　　",9968
7001,"アゼリアモール店　　　　　　　　　　　　",02,"アベイル　　　　　　",9970
7002,"行田藤原　店　　　　　　　　　　　　　　",02,"アベイル　　　　　　",9970
7003,"さいたま新都心ＦＭ店　　　　　　　　　　",02,"アベイル　　　　　　",9970
7004,"蓮田　店　　　　　　　　　　　　　　　　",02,"アベイル　　　　　　",9970
7005,"小山城南　店　　　　　　　　　　　　　　",02,"アベイル　　　　　　",9970
7006,"峯店　　　　　　　　　　　　　　　　　　",02,"アベイル　　　　　　",9970
7008,"鴻巣　店　　　　　　　　　　　　　　　　",02,"アベイル　　　　　　",9970
7009,"高野台店　　　　　　　　　　　　　　　　",02,"アベイル　　　　　　",9970
7010,"八日市場　店　　　　　　　　　　　　　　",02,"アベイル　　　　　　",9970
7011,"マーケットシティ古河店　　　　　　　　　",02,"アベイル　　　　　　",9970
7012,"城北　店　　　　　　　　　　　　　　　　",02,"アベイル　　　　　　",9970
7013,"インターパークＦＭ店　　　　　　　　　　",02,"アベイル　　　　　　",9970
7014,"佐野店　　　　　　　　　　　　　　　　　",02,"アベイル　　　　　　",9970
7015,"石岡店　　　　　　　　　　　　　　　　　",02,"アベイル　　　　　　",9970
7016,"佐原　店　　　　　　　　　　　　　　　　",02,"アベイル　　　　　　",9970
7017,"吉川南店　　　　　　　　　　　　　　　　",02,"アベイル　　　　　　",9970
7018,"アクロスモール守谷ＦＭ店　　　　　　　　",02,"アベイル　　　　　　",9970
7019,"鹿沼店　　　　　　　　　　　　　　　　　",02,"アベイル　　　　　　",9970
7020,"那珂ＦＭ店　　　　　　　　　　　　　　　",02,"アベイル　　　　　　",9970
7021,"幸手北ＦＭ店　　　　　　　　　　　　　　",02,"アベイル　　　　　　",9970
7022,"西大宮店　　　　　　　　　　　　　　　　",02,"アベイル　　　　　　",9970
7023,"鶴田店　　　　　　　　　　　　　　　　　",02,"アベイル　　　　　　",9970
7024,"流山ＦＭ店　　　　　　　　　　　　　　　",02,"アベイル　　　　　　",9970
7025,"七里店　　　　　　　　　　　　　　　　　",02,"アベイル　　　　　　",9970
7026,"神栖店　　　　　　　　　　　　　　　　　",02,"アベイル　　　　　　",9970
7027,"常陸太田店　　　　　　　　　　　　　　　",02,"アベイル　　　　　　",9970
7028,"友部　店　　　　　　　　　　　　　　　　",02,"アベイル　　　　　　",9970
7029,"竜ケ崎店　　　　　　　　　　　　　　　　",02,"アベイル　　　　　　",9970
7030,"つくば店　　　　　　　　　　　　　　　　",02,"アベイル　　　　　　",9970
7031,"銚子ＦＭ　店　　　　　　　　　　　　　　",02,"アベイル　　　　　　",9970
7032,"鳩ヶ谷里　店　　　　　　　　　　　　　　",02,"アベイル　　　　　　",9970
7033,"真岡店　　　　　　　　　　　　　　　　　",02,"アベイル　　　　　　",9970
7034,"成田ＮＴ　店　　　　　　　　　　　　　　",02,"アベイル　　　　　　",9970
7035,"八潮　店　　　　　　　　　　　　　　　　",02,"アベイル　　　　　　",9970
7036,"黒磯　店　　　　　　　　　　　　　　　　",02,"アベイル　　　　　　",9970
7037,"大田原店　　　　　　　　　　　　　　　　",02,"アベイル　　　　　　",9970
7038,"今市店　　　　　　　　　　　　　　　　　",02,"アベイル　　　　　　",9970
7039,"フルルガーデン八千代店　　　　　　　　　",02,"アベイル　　　　　　",9970
7040,"牧の原モア　店　　　　　　　　　　　　　",02,"アベイル　　　　　　",9970
7041,"高津店　　　　　　　　　　　　　　　　　",02,"アベイル　　　　　　",9970
7042,"八千代台店　　　　　　　　　　　　　　　",02,"アベイル　　　　　　",9970
7043,"鉾田　店　　　　　　　　　　　　　　　　",02,"アベイル　　　　　　",9970
7044,"那珂湊　店　　　　　　　　　　　　　　　",02,"アベイル　　　　　　",9970
7045,"つつみ野店　　　　　　　　　　　　　　　",02,"アベイル　　　　　　",9970
7046,"吉沢ＦＭ店　　　　　　　　　　　　　　　",02,"アベイル　　　　　　",9970
7047,"森山　店　　　　　　　　　　　　　　　　",02,"アベイル　　　　　　",9970
7048,"佐倉ＦＭ　店　　　　　　　　　　　　　　",02,"アベイル　　　　　　",9970
7049,"春日部店　　　　　　　　　　　　　　　　",02,"アベイル　　　　　　",9970
7054,"亀田店　　　　　　　　　　　　　　　　　",02,"アベイル　　　　　　",9970
7064,"小川ＦＭ　店　　　　　　　　　　　　　　",02,"アベイル　　　　　　",9970
7073,"新所沢店　　　　　　　　　　　　　　　　",02,"アベイル　　　　　　",9970
7079,"ホームズ宮原ＦＭ店　　　　　　　　　　　",02,"アベイル　　　　　　",9970
7199,"境　店　　　　　　　　　　　　　　　　　",02,"アベイル　　　　　　",9970
7200,"北入曽店　　　　　　　　　　　　　　　　",02,"アベイル　　　　　　",9970
7201,"平塚西店　　　　　　　　　　　　　　　　",02,"アベイル　　　　　　",9972
7202,"愛川店　　　　　　　　　　　　　　　　　",02,"アベイル　　　　　　",9972
7203,"コーナン京葉船橋インター店　　　　　　　",02,"アベイル　　　　　　",9972
7204,"塩山　店　　　　　　　　　　　　　　　　",02,"アベイル　　　　　　",9972
7205,"東国分寺台店　　　　　　　　　　　　　　",02,"アベイル　　　　　　",9972
7206,"東金店　　　　　　　　　　　　　　　　　",02,"アベイル　　　　　　",9972
7207,"櫛形　店　　　　　　　　　　　　　　　　",02,"アベイル　　　　　　",9972
7208,"ニトリモール相模原　店　　　　　　　　　",02,"アベイル　　　　　　",9972
7209,"昭和　店　　　　　　　　　　　　　　　　",02,"アベイル　　　　　　",9972
7210,"富士吉田　店　　　　　　　　　　　　　　",02,"アベイル　　　　　　",9972
7211,"ぐりーんうぉーく多摩　店　　　　　　　　",02,"アベイル　　　　　　",9972
7212,"とよみＦＭ店　　　　　　　　　　　　　　",02,"アベイル　　　　　　",9972
7213,"君津　店　　　　　　　　　　　　　　　　",02,"アベイル　　　　　　",9972
7214,"館山　店　　　　　　　　　　　　　　　　",02,"アベイル　　　　　　",9972
7215,"茂原　店　　　　　　　　　　　　　　　　",02,"アベイル　　　　　　",9972
7216,"港川ピーズタウン　店　　　　　　　　　　",02,"アベイル　　　　　　",9972
7217,"高座渋谷　店　　　　　　　　　　　　　　",02,"アベイル　　　　　　",9972
7218,"焼津　店　　　　　　　　　　　　　　　　",02,"アベイル　　　　　　",9972
7219,"サニーモール西葛西店　　　　　　　　　　",02,"アベイル　　　　　　",9972
7220,"八王子オクトーレ店　　　　　　　　　　　",02,"アベイル　　　　　　",9972
7221,"富士南ＦＭ店　　　　　　　　　　　　　　",02,"アベイル　　　　　　",9972
7222,"小田原シティーモールＦＭ店　　　　　　　",02,"アベイル　　　　　　",9972
7223,"甲府東ＦＭ店　　　　　　　　　　　　　　",02,"アベイル　　　　　　",9972
7224,"おゆみ野ＦＭ店　　　　　　　　　　　　　",02,"アベイル　　　　　　",9972
7225,"木更津店　　　　　　　　　　　　　　　　",02,"アベイル　　　　　　",9972
7226,"西橋本ＦＭ店　　　　　　　　　　　　　　",02,"アベイル　　　　　　",9972
7227,"大森駅前店　　　　　　　　　　　　　　　",02,"アベイル　　　　　　",9972
7228,"八重山ＦＭ店　　　　　　　　　　　　　　",02,"アベイル　　　　　　",9972
7229,"天王店　　　　　　　　　　　　　　　　　",02,"アベイル　　　　　　",9972
7230,"上大岡ＦＭ店　　　　　　　　　　　　　　",02,"アベイル　　　　　　",9972
7231,"港北東急Ｓ．Ｃ店　　　　　　　　　　　　",02,"アベイル　　　　　　",9972
7232,"マーケットスクエア川崎イースト店　　　　",02,"アベイル　　　　　　",9972
7233,"ベイドリーム清水店　　　　　　　　　　　",02,"アベイル　　　　　　",9972
7234,"大仁ＦＭ店　　　　　　　　　　　　　　　",02,"アベイル　　　　　　",9972
7235,"山里　店　　　　　　　　　　　　　　　　",02,"アベイル　　　　　　",9972
7301,"苗穂店　　　　　　　　　　　　　　　　　",02,"アベイル　　　　　　",9973
7302,"大雪店　　　　　　　　　　　　　　　　　",02,"アベイル　　　　　　",9973
7303,"北見メッセ　店　　　　　　　　　　　　　",02,"アベイル　　　　　　",9973
7304,"釧路　店　　　　　　　　　　　　　　　　",02,"アベイル　　　　　　",9973
7305,"千歳　店　　　　　　　　　　　　　　　　",02,"アベイル　　　　　　",9973
7306,"屯田　店　　　　　　　　　　　　　　　　",02,"アベイル　　　　　　",9973
7307,"苫小牧　店　　　　　　　　　　　　　　　",02,"アベイル　　　　　　",9973
7308,"北野　店　　　　　　　　　　　　　　　　",02,"アベイル　　　　　　",9973
7309,"桔梗　店　　　　　　　　　　　　　　　　",02,"アベイル　　　　　　",9973
7310,"厚別東　店　　　　　　　　　　　　　　　",02,"アベイル　　　　　　",9973
7311,"北広島　店　　　　　　　　　　　　　　　",02,"アベイル　　　　　　",9973
7312,"岩見沢　店　　　　　　　　　　　　　　　",02,"アベイル　　　　　　",9973
7313,"モルエ中島店　　　　　　　　　　　　　　",02,"アベイル　　　　　　",9973
7314,"帯広南店　　　　　　　　　　　　　　　　",02,"アベイル　　　　　　",9973
7315,"稚内ＦＭ店　　　　　　　　　　　　　　　",02,"アベイル　　　　　　",9973
7316,"滝川ＦＭ店　　　　　　　　　　　　　　　",02,"アベイル　　　　　　",9973
7317,"星置ＦＭ店　　　　　　　　　　　　　　　",02,"アベイル　　　　　　",9973
7318,"西宮の沢ＦＭ店　　　　　　　　　　　　　",02,"アベイル　　　　　　",9973
7319,"中標津ＦＭ　店　　　　　　　　　　　　　",02,"アベイル　　　　　　",9973
7320,"ウイングベイ小樽　店　　　　　　　　　　",02,"アベイル　　　　　　",9973
7321,"広野店　　　　　　　　　　　　　　　　　",02,"アベイル　　　　　　",9973
7401,"吉原店　　　　　　　　　　　　　　　　　",02,"アベイル　　　　　　",9974
7402,"大槻店　　　　　　　　　　　　　　　　　",02,"アベイル　　　　　　",9974
7403,"古川　店　　　　　　　　　　　　　　　　",02,"アベイル　　　　　　",9974
7404,"天童ＦＭ　店　　　　　　　　　　　　　　",02,"アベイル　　　　　　",9974
7405,"松森　店　　　　　　　　　　　　　　　　",02,"アベイル　　　　　　",9974
7406,"米沢　店　　　　　　　　　　　　　　　　",02,"アベイル　　　　　　",9974
7407,"名取　店　　　　　　　　　　　　　　　　",02,"アベイル　　　　　　",9974
7408,"小原田　店　　　　　　　　　　　　　　　",02,"アベイル　　　　　　",9974
7409,"原町　店　　　　　　　　　　　　　　　　",02,"アベイル　　　　　　",9974
7410,"塩釜　店　　　　　　　　　　　　　　　　",02,"アベイル　　　　　　",9974
7411,"平　店　　　　　　　　　　　　　　　　　",02,"アベイル　　　　　　",9974
7412,"門田　店　　　　　　　　　　　　　　　　",02,"アベイル　　　　　　",9974
7413,"大河原　店　　　　　　　　　　　　　　　",02,"アベイル　　　　　　",9974
7414,"石巻　店　　　　　　　　　　　　　　　　",02,"アベイル　　　　　　",9974
7415,"白河店　　　　　　　　　　　　　　　　　",02,"アベイル　　　　　　",9974
7416,"嶋ＦＭ　店　　　　　　　　　　　　　　　",02,"アベイル　　　　　　",9974
7417,"メガステージ須賀川ＦＭ店　　　　　　　　",02,"アベイル　　　　　　",9974
7418,"泉町店　　　　　　　　　　　　　　　　　",02,"アベイル　　　　　　",9974
7419,"愛子ＦＭ店　　　　　　　　　　　　　　　",02,"アベイル　　　　　　",9974
7420,"若葉ＦＭ店　　　　　　　　　　　　　　　",02,"アベイル　　　　　　",9974
7421,"六丁の目ＦＭ店　　　　　　　　　　　　　",02,"アベイル　　　　　　",9974
7422,"大森ＦＭ店　　　　　　　　　　　　　　　",02,"アベイル　　　　　　",9974
7423,"ヨークタウン長町ＦＭ　店　　　　　　　　",02,"アベイル　　　　　　",9974
7424,"中山ＦＭ　店　　　　　　　　　　　　　　",02,"アベイル　　　　　　",9974
7451,"花巻　店　　　　　　　　　　　　　　　　",02,"アベイル　　　　　　",9950
7452,"十和田店　　　　　　　　　　　　　　　　",02,"アベイル　　　　　　",9950
7453,"水沢　店　　　　　　　　　　　　　　　　",02,"アベイル　　　　　　",9950
7454,"三沢　店　　　　　　　　　　　　　　　　",02,"アベイル　　　　　　",9950
7455,"能代　店　　　　　　　　　　　　　　　　",02,"アベイル　　　　　　",9950
7456,"大館　店　　　　　　　　　　　　　　　　",02,"アベイル　　　　　　",9950
7457,"本荘　店　　　　　　　　　　　　　　　　",02,"アベイル　　　　　　",9950
7458,"城東　店　　　　　　　　　　　　　　　　",02,"アベイル　　　　　　",9950
7459,"大曲北　店　　　　　　　　　　　　　　　",02,"アベイル　　　　　　",9950
7460,"飯島　店　　　　　　　　　　　　　　　　",02,"アベイル　　　　　　",9950
7461,"青山　店　　　　　　　　　　　　　　　　",02,"アベイル　　　　　　",9950
7462,"横手　店　　　　　　　　　　　　　　　　",02,"アベイル　　　　　　",9950
7463,"青森中央店　　　　　　　　　　　　　　　",02,"アベイル　　　　　　",9950
7464,"むつ店　　　　　　　　　　　　　　　　　",02,"アベイル　　　　　　",9950
7465,"北上店　　　　　　　　　　　　　　　　　",02,"アベイル　　　　　　",9950
7466,"久慈店　　　　　　　　　　　　　　　　　",02,"アベイル　　　　　　",9950
7467,"茨島　店　　　　　　　　　　　　　　　　",02,"アベイル　　　　　　",9950
7468,"田向ＦＭ店　　　　　　　　　　　　　　　",02,"アベイル　　　　　　",9950
7469,"盛南ＦＭ店　　　　　　　　　　　　　　　",02,"アベイル　　　　　　",9950
7470,"一関店　　　　　　　　　　　　　　　　　",02,"アベイル　　　　　　",9950
7471,"ベニーモール五所川原店　　　　　　　　　",02,"アベイル　　　　　　",9950
7502,"大樹寺店　　　　　　　　　　　　　　　　",02,"アベイル　　　　　　",9975
7503,"牟呂ＦＭ店　　　　　　　　　　　　　　　",02,"アベイル　　　　　　",9975
7504,"豊川店　　　　　　　　　　　　　　　　　",02,"アベイル　　　　　　",9975
7505,"松阪　店　　　　　　　　　　　　　　　　",02,"アベイル　　　　　　",9975
7506,"春日井店　　　　　　　　　　　　　　　　",02,"アベイル　　　　　　",9975
7507,"掛川店　　　　　　　　　　　　　　　　　",02,"アベイル　　　　　　",9975
7508,"東員店　　　　　　　　　　　　　　　　　",02,"アベイル　　　　　　",9975
7509,"可児ＦＭ　店　　　　　　　　　　　　　　",02,"アベイル　　　　　　",9975
7510,"有松　店　　　　　　　　　　　　　　　　",02,"アベイル　　　　　　",9975
7512,"浜北　店　　　　　　　　　　　　　　　　",02,"アベイル　　　　　　",9975
7513,"津　店　　　　　　　　　　　　　　　　　",02,"アベイル　　　　　　",9975
7514,"名張　店　　　　　　　　　　　　　　　　",02,"アベイル　　　　　　",9975
7515,"四日市中央　店　　　　　　　　　　　　　",02,"アベイル　　　　　　",9975
7517,"松阪北ＦＭ店　　　　　　　　　　　　　　",02,"アベイル　　　　　　",9975
7518,"鈴鹿ラッツ　店　　　　　　　　　　　　　",02,"アベイル　　　　　　",9975
7519,"長久手ＦＭ店　　　　　　　　　　　　　　",02,"アベイル　　　　　　",9975
7520,"篭屋ＦＭ店　　　　　　　　　　　　　　　",02,"アベイル　　　　　　",9975
7521,"東海通　店　　　　　　　　　　　　　　　",02,"アベイル　　　　　　",9975
7522,"飯村店　　　　　　　　　　　　　　　　　",02,"アベイル　　　　　　",9975
7523,"入野店　　　　　　　　　　　　　　　　　",02,"アベイル　　　　　　",9975
7524,"みよしＦＭ店　　　　　　　　　　　　　　",02,"アベイル　　　　　　",9975
7525,"磐田店　　　　　　　　　　　　　　　　　",02,"アベイル　　　　　　",9975
7526,"木賀ＦＭ店　　　　　　　　　　　　　　　",02,"アベイル　　　　　　",9975
7550,"アベイルＥＣ店　　　　　　　　　　　　　",02,"アベイル　　　　　　",9975
7551,"新湊店　　　　　　　　　　　　　　　　　",02,"アベイル　　　　　　",9976
7552,"魚津　店　　　　　　　　　　　　　　　　",02,"アベイル　　　　　　",9976
7553,"野々市　店　　　　　　　　　　　　　　　",02,"アベイル　　　　　　",9976
7554,"鯖江　店　　　　　　　　　　　　　　　　",02,"アベイル　　　　　　",9976
7555,"若杉　店　　　　　　　　　　　　　　　　",02,"アベイル　　　　　　",9976
7556,"彦根　店　　　　　　　　　　　　　　　　",02,"アベイル　　　　　　",9976
7557,"木曳野ＦＭ　店　　　　　　　　　　　　　",02,"アベイル　　　　　　",9976
7558,"洛南店　　　　　　　　　　　　　　　　　",02,"アベイル　　　　　　",9976
7559,"長浜ＦＭ　店　　　　　　　　　　　　　　",02,"アベイル　　　　　　",9976
7560,"石金店　　　　　　　　　　　　　　　　　",02,"アベイル　　　　　　",9976
7561,"亀岡店　　　　　　　　　　　　　　　　　",02,"アベイル　　　　　　",9976
7562,"香芝　店　　　　　　　　　　　　　　　　",02,"アベイル　　　　　　",9976
7563,"奈良古市　店　　　　　　　　　　　　　　",02,"アベイル　　　　　　",9976
7564,"雄琴店　　　　　　　　　　　　　　　　　",02,"アベイル　　　　　　",9976
7565,"京都アバンティ店　　　　　　　　　　　　",02,"アベイル　　　　　　",9976
7566,"鵜沼ＦＭ店　　　　　　　　　　　　　　　",02,"アベイル　　　　　　",9976
7567,"アイタウン上北島　店　　　　　　　　　　",02,"アベイル　　　　　　",9976
7568,"ピエリ守山店　　　　　　　　　　　　　　",02,"アベイル　　　　　　",9976
7569,"モレラ岐阜店　　　　　　　　　　　　　　",02,"アベイル　　　　　　",9976
7570,"薮田ＦＭ店　　　　　　　　　　　　　　　",02,"アベイル　　　　　　",9976
7571,"大垣店　　　　　　　　　　　　　　　　　",02,"アベイル　　　　　　",9976
7572,"西友桂店　　　　　　　　　　　　　　　　",02,"アベイル　　　　　　",9976
7601,"本庄店　　　　　　　　　　　　　　　　　",02,"アベイル　　　　　　",9969
7602,"新狭山　店　　　　　　　　　　　　　　　",02,"アベイル　　　　　　",9969
7603,"伊勢崎　店　　　　　　　　　　　　　　　",02,"アベイル　　　　　　",9969
7604,"菅谷ＦＭ　店　　　　　　　　　　　　　　",02,"アベイル　　　　　　",9969
7605,"入間野田　店　　　　　　　　　　　　　　",02,"アベイル　　　　　　",9969
7606,"和ヶ原　店　　　　　　　　　　　　　　　",02,"アベイル　　　　　　",9969
7607,"アクロスプラザ長岡七日町ＦＭ店　　　　　",02,"アベイル　　　　　　",9969
7608,"篠ノ井店　　　　　　　　　　　　　　　　",02,"アベイル　　　　　　",9969
7609,"天川大島　店　　　　　　　　　　　　　　",02,"アベイル　　　　　　",9969
7610,"上中居　店　　　　　　　　　　　　　　　",02,"アベイル　　　　　　",9969
7611,"坂戸店　　　　　　　　　　　　　　　　　",02,"アベイル　　　　　　",9969
7612,"渋川店　　　　　　　　　　　　　　　　　",02,"アベイル　　　　　　",9969
7613,"燕三条店　　　　　　　　　　　　　　　　",02,"アベイル　　　　　　",9969
7614,"小千谷店　　　　　　　　　　　　　　　　",02,"アベイル　　　　　　",9969
7615,"新津　店　　　　　　　　　　　　　　　　",02,"アベイル　　　　　　",9969
7616,"上田築地　店　　　　　　　　　　　　　　",02,"アベイル　　　　　　",9969
7617,"臼田　店　　　　　　　　　　　　　　　　",02,"アベイル　　　　　　",9969
7618,"大形　店　　　　　　　　　　　　　　　　",02,"アベイル　　　　　　",9969
7619,"籠原　店　　　　　　　　　　　　　　　　",02,"アベイル　　　　　　",9969
7620,"富岡ＦＭ店　　　　　　　　　　　　　　　",02,"アベイル　　　　　　",9969
7621,"西新発田　店　　　　　　　　　　　　　　",02,"アベイル　　　　　　",9969
7622,"安中　店　　　　　　　　　　　　　　　　",02,"アベイル　　　　　　",9969
7623,"とやの　店　　　　　　　　　　　　　　　",02,"アベイル　　　　　　",9969
7624,"上越　店　　　　　　　　　　　　　　　　",02,"アベイル　　　　　　",9969
7625,"塩沢　店　　　　　　　　　　　　　　　　",02,"アベイル　　　　　　",9969
7626,"花園ＦＭ店　　　　　　　　　　　　　　　",02,"アベイル　　　　　　",9969
7627,"福沢ＦＭ店　　　　　　　　　　　　　　　",02,"アベイル　　　　　　",9969
7628,"長岡川崎ＦＭ店　　　　　　　　　　　　　",02,"アベイル　　　　　　",9969
7629,"中御所ＦＭ店　　　　　　　　　　　　　　",02,"アベイル　　　　　　",9969
7630,"スマークＦＭ店　　　　　　　　　　　　　",02,"アベイル　　　　　　",9969
7631,"高坂ＦＭ店　　　　　　　　　　　　　　　",02,"アベイル　　　　　　",9969
7632,"酒田　店　　　　　　　　　　　　　　　　",02,"アベイル　　　　　　",9969
7633,"鶴岡　店　　　　　　　　　　　　　　　　",02,"アベイル　　　　　　",9969
7634,"柏崎　店　　　　　　　　　　　　　　　　",02,"アベイル　　　　　　",9969
7635,"青梅店　　　　　　　　　　　　　　　　　",02,"アベイル　　　　　　",9969
7636,"穂高　店　　　　　　　　　　　　　　　　",02,"アベイル　　　　　　",9969
7637,"高島ＦＭ店　　　　　　　　　　　　　　　",02,"アベイル　　　　　　",9969
7638,"あきる野　店　　　　　　　　　　　　　　",02,"アベイル　　　　　　",9969
7639,"昭島　店　　　　　　　　　　　　　　　　",02,"アベイル　　　　　　",9969
7640,"鶴瀬　店　　　　　　　　　　　　　　　　",02,"アベイル　　　　　　",9969
7641,"芳川ＦＭ店　　　　　　　　　　　　　　　",02,"アベイル　　　　　　",9969
7642,"アルピコプラザ店　　　　　　　　　　　　",02,"アベイル　　　　　　",9969
7643,"上宗岡店　　　　　　　　　　　　　　　　",02,"アベイル　　　　　　",9969
7644,"堀込ＦＭ店　　　　　　　　　　　　　　　",02,"アベイル　　　　　　",9969
7645,"上郷店　　　　　　　　　　　　　　　　　",02,"アベイル　　　　　　",9969
7646,"伊那　店　　　　　　　　　　　　　　　　",02,"アベイル　　　　　　",9969
7647,"箕輪ＦＭ　店　　　　　　　　　　　　　　",02,"アベイル　　　　　　",9969
7648,"大泉　店　　　　　　　　　　　　　　　　",02,"アベイル　　　　　　",9969
7692,"アベイルＥＣ店　　　　　　　　　　　　　",02,"アベイル　　　　　　",9903
7693,"東松山ＥＣセンター　　　　　　　　　　　",02,"アベイル　　　　　　",9903
7694,"東松山ＥＣセンター　　　　　　　　　　　",02,"アベイル　　　　　　",9903
7695,"東松山ＥＣセンター　　　　　　　　　　　",02,"アベイル　　　　　　",9903
7696,"東松山ＥＣセンター直トク便　　　　　　　",02,"アベイル　　　　　　",9903
7697,"東松山ＥＣセンター　　　　　　　　　　　",02,"アベイル　　　　　　",9903
7698,"東松山ＥＣセンター　　　　　　　　　　　",02,"アベイル　　　　　　",9903
7699,"東松山ＥＣセンター　　　　　　　　　　　",02,"アベイル　　　　　　",9903
7700,"東松山ＥＣセンター　　　　　　　　　　　",02,"アベイル　　　　　　",9903
7701,"フレスポしんかな　店　　　　　　　　　　",02,"アベイル　　　　　　",9977
7702,"ハーバーランド　店　　　　　　　　　　　",02,"アベイル　　　　　　",9977
7703,"ブルメール舞多聞　店　　　　　　　　　　",02,"アベイル　　　　　　",9977
7704,"神戸西ＦＭ店　　　　　　　　　　　　　　",02,"アベイル　　　　　　",9977
7705,"大久保インターＦＭ店　　　　　　　　　　",02,"アベイル　　　　　　",9977
7706,"藍住　店　　　　　　　　　　　　　　　　",02,"アベイル　　　　　　",9977
7707,"東山崎　店　　　　　　　　　　　　　　　",02,"アベイル　　　　　　",9977
7708,"小松島ＦＭ店　　　　　　　　　　　　　　",02,"アベイル　　　　　　",9977
7709,"二見ＦＭ　店　　　　　　　　　　　　　　",02,"アベイル　　　　　　",9977
7710,"新庄　店　　　　　　　　　　　　　　　　",02,"アベイル　　　　　　",9977
7711,"三木広野　店　　　　　　　　　　　　　　",02,"アベイル　　　　　　",9977
7712,"枚方　店　　　　　　　　　　　　　　　　",02,"アベイル　　　　　　",9977
7713,"茨木　店　　　　　　　　　　　　　　　　",02,"アベイル　　　　　　",9977
7714,"貝塚　店　　　　　　　　　　　　　　　　",02,"アベイル　　　　　　",9977
7715,"桜井　店　　　　　　　　　　　　　　　　",02,"アベイル　　　　　　",9977
7716,"法隆寺インター　店　　　　　　　　　　　",02,"アベイル　　　　　　",9977
7717,"岩出　店　　　　　　　　　　　　　　　　",02,"アベイル　　　　　　",9977
7718,"松原　店　　　　　　　　　　　　　　　　",02,"アベイル　　　　　　",9977
7719,"ジョイパーク泉ヶ丘店　　　　　　　　　　",02,"アベイル　　　　　　",9977
7720,"天理　店　　　　　　　　　　　　　　　　",02,"アベイル　　　　　　",9977
7721,"八尾南ＦＭ店　　　　　　　　　　　　　　",02,"アベイル　　　　　　",9977
7722,"フォレオ大阪ドームシティＦＭ店　　　　　",02,"アベイル　　　　　　",9977
7723,"泉南店　　　　　　　　　　　　　　　　　",02,"アベイル　　　　　　",9977
7724,"ジャガータウンＦＭ店　　　　　　　　　　",02,"アベイル　　　　　　",9977
7725,"荒牧ＦＭ店　　　　　　　　　　　　　　　",02,"アベイル　　　　　　",9977
7726,"ニトリモール東大阪店　　　　　　　　　　",02,"アベイル　　　　　　",9977
7727,"キッピーモールＦＭ　店　　　　　　　　　",02,"アベイル　　　　　　",9977
7728,"ホームズ寝屋川店　　　　　　　　　　　　",02,"アベイル　　　　　　",9977
7729,"西舞鶴店　　　　　　　　　　　　　　　　",02,"アベイル　　　　　　",9977
7730,"じゃんぼスクエア熊取店　　　　　　　　　",02,"アベイル　　　　　　",9977
7731,"直川ＦＭ店　　　　　　　　　　　　　　　",02,"アベイル　　　　　　",9977
7732,"鶴見ＦＭ店　　　　　　　　　　　　　　　",02,"アベイル　　　　　　",9977
7733,"富田林ＦＭ店　　　　　　　　　　　　　　",02,"アベイル　　　　　　",9977
7734,"摂津店　　　　　　　　　　　　　　　　　",02,"アベイル　　　　　　",9977
7735,"岸和田カンカンベイサイドモール店　　　　",02,"アベイル　　　　　　",9977
7736,"下田部ＦＭ店　　　　　　　　　　　　　　",02,"アベイル　　　　　　",9977
7737,"コロワ甲子園店　　　　　　　　　　　　　",02,"アベイル　　　　　　",9977
7738,"高砂米田店　　　　　　　　　　　　　　　",02,"アベイル　　　　　　",9977
7801,"鳥取　店　　　　　　　　　　　　　　　　",02,"アベイル　　　　　　",9978
7802,"出雲　店　　　　　　　　　　　　　　　　",02,"アベイル　　　　　　",9978
7803,"新倉敷　店　　　　　　　　　　　　　　　",02,"アベイル　　　　　　",9978
7804,"津山　店　　　　　　　　　　　　　　　　",02,"アベイル　　　　　　",9978
7805,"児島　店　　　　　　　　　　　　　　　　",02,"アベイル　　　　　　",9978
7806,"倉吉　店　　　　　　　　　　　　　　　　",02,"アベイル　　　　　　",9978
7807,"新涯　店　　　　　　　　　　　　　　　　",02,"アベイル　　　　　　",9978
7808,"駅家　店　　　　　　　　　　　　　　　　",02,"アベイル　　　　　　",9978
7809,"西条店　　　　　　　　　　　　　　　　　",02,"アベイル　　　　　　",9978
7810,"北畝店　　　　　　　　　　　　　　　　　",02,"アベイル　　　　　　",9978
7811,"黒田ＦＭ店　　　　　　　　　　　　　　　",02,"アベイル　　　　　　",9978
7812,"丸亀ＦＭ店　　　　　　　　　　　　　　　",02,"アベイル　　　　　　",9978
7813,"宇部店　　　　　　　　　　　　　　　　　",02,"アベイル　　　　　　",9978
7814,"防府　店　　　　　　　　　　　　　　　　",02,"アベイル　　　　　　",9978
7815,"湯田　店　　　　　　　　　　　　　　　　",02,"アベイル　　　　　　",9978
7816,"岩国ＦＭ店　　　　　　　　　　　　　　　",02,"アベイル　　　　　　",9978
7817,"太子　店　　　　　　　　　　　　　　　　",02,"アベイル　　　　　　",9978
7818,"飾磨東　店　　　　　　　　　　　　　　　",02,"アベイル　　　　　　",9978
7819,"ゆめタウンみゆき店　　　　　　　　　　　",02,"アベイル　　　　　　",9978
7820,"松新店　　　　　　　　　　　　　　　　　",02,"アベイル　　　　　　",9978
7821,"下中野店　　　　　　　　　　　　　　　　",02,"アベイル　　　　　　",9978
7822,"笠岡店　　　　　　　　　　　　　　　　　",02,"アベイル　　　　　　",9978
7823,"観音寺ＦＭ店　　　　　　　　　　　　　　",02,"アベイル　　　　　　",9978
7824,"総社ＦＭ店　　　　　　　　　　　　　　　",02,"アベイル　　　　　　",9978
7825,"呉広モール店　　　　　　　　　　　　　　",02,"アベイル　　　　　　",9978
7851,"西条　店　　　　　　　　　　　　　　　　",02,"アベイル　　　　　　",9951
7852,"野市　店　　　　　　　　　　　　　　　　",02,"アベイル　　　　　　",9951
7853,"三津　店　　　　　　　　　　　　　　　　",02,"アベイル　　　　　　",9951
7854,"ジョープラ　店　　　　　　　　　　　　　",02,"アベイル　　　　　　",9951
7855,"フレスポ今治　店　　　　　　　　　　　　",02,"アベイル　　　　　　",9951
7856,"東雲店　　　　　　　　　　　　　　　　　",02,"アベイル　　　　　　",9951
7901,"筑後　店　　　　　　　　　　　　　　　　",02,"アベイル　　　　　　",9979
7902,"森山　店　　　　　　　　　　　　　　　　",02,"アベイル　　　　　　",9979
7903,"大村北ＦＭ　店　　　　　　　　　　　　　",02,"アベイル　　　　　　",9979
7904,"久留米櫛原　店　　　　　　　　　　　　　",02,"アベイル　　　　　　",9979
7905,"わさだＦＭ店　　　　　　　　　　　　　　",02,"アベイル　　　　　　",9979
7906,"ひびきの店　　　　　　　　　　　　　　　",02,"アベイル　　　　　　",9979
7907,"小嶺ＦＭ店　　　　　　　　　　　　　　　",02,"アベイル　　　　　　",9979
7908,"周船寺ＦＭ店　　　　　　　　　　　　　　",02,"アベイル　　　　　　",9979
7909,"下富野ＦＭ店　　　　　　　　　　　　　　",02,"アベイル　　　　　　",9979
7910,"博多バスターミナルＦＭ店　　　　　　　　",02,"アベイル　　　　　　",9979
7911,"ノース天神ＦＭ　店　　　　　　　　　　　",02,"アベイル　　　　　　",9979
7912,"甘木店　　　　　　　　　　　　　　　　　",02,"アベイル　　　　　　",9979
7913,"春日フォレストシティ　店　　　　　　　　",02,"アベイル　　　　　　",9979
7914,"筥崎宮前　店　　　　　　　　　　　　　　",02,"アベイル　　　　　　",9979
7915,"時津ＦＭ　店　　　　　　　　　　　　　　",02,"アベイル　　　　　　",9979
7916,"横手南ＦＭ　店　　　　　　　　　　　　　",02,"アベイル　　　　　　",9979
7917,"コスタ行橋店　　　　　　　　　　　　　　",02,"アベイル　　　　　　",9979
7918,"あけのアクロスタウン店　　　　　　　　　",02,"アベイル　　　　　　",9979
7919,"サニーサイドモール小倉　店　　　　　　　",02,"アベイル　　　　　　",9979
7920,"筑紫野店　　　　　　　　　　　　　　　　",02,"アベイル　　　　　　",9979
7921,"モラージュ佐賀店　　　　　　　　　　　　",02,"アベイル　　　　　　",9979
7922,"堀池店　　　　　　　　　　　　　　　　　",02,"アベイル　　　　　　",9979
7923,"伊万里ＦＭ店　　　　　　　　　　　　　　",02,"アベイル　　　　　　",9979
7924,"唐津店　　　　　　　　　　　　　　　　　",02,"アベイル　　　　　　",9979
7925,"中津店　　　　　　　　　　　　　　　　　",02,"アベイル　　　　　　",9979
7926,"別府ＦＭ店　　　　　　　　　　　　　　　",02,"アベイル　　　　　　",9979
7951,"日向店　　　　　　　　　　　　　　　　　",02,"アベイル　　　　　　",9952
7952,"都城　店　　　　　　　　　　　　　　　　",02,"アベイル　　　　　　",9952
7953,"鹿屋　店　　　　　　　　　　　　　　　　",02,"アベイル　　　　　　",9952
7954,"出水　店　　　　　　　　　　　　　　　　",02,"アベイル　　　　　　",9952
7955,"荒尾　店　　　　　　　　　　　　　　　　",02,"アベイル　　　　　　",9952
7956,"姶良ＦＭ　店　　　　　　　　　　　　　　",02,"アベイル　　　　　　",9952
7957,"国分西ＦＭ　店　　　　　　　　　　　　　",02,"アベイル　　　　　　",9952
7958,"菊陽メガモール　店　　　　　　　　　　　",02,"アベイル　　　　　　",9952
7959,"八代店　　　　　　　　　　　　　　　　　",02,"アベイル　　　　　　",9952
7999,"アベイルＥＣ直トク便店　　　　　　　　　",02,"アベイル　　　　　　",9952
8000,"アベイルＥＣ店　　　　　　　　　　　　　",02,"アベイル　　　　　　",9952
9701,"竹南センタ－　　　　　　　　　　　　　　",03,"思夢楽　　　　　　　",9701
9901,"小口コード　　　　　　　　　　　　　　　",01,"しまむら　　　　　　",9901
9902,"小口コード　　　　　　　　　　　　　　　",01,"しまむら　　　　　　",9902
9903,"小口コード　　　　　　　　　　　　　　　",02,"アベイル　　　　　　",9903
9904,"小口コード　　　　　　　　　　　　　　　",01,"しまむら　　　　　　",9904
9905,"小口コード　　　　　　　　　　　　　　　",04,"バースデイ　　　　　",9905
9906,"小口コード　　　　　　　　　　　　　　　",01,"しまむら　　　　　　",9906
9907,"小口コード　　　　　　　　　　　　　　　",05,"シャンブル　　　　　",9907
9908,"小口コード　　　　　　　　　　　　　　　",01,"しまむら　　　　　　",9908
9909,"小口コード　　　　　　　　　　　　　　　",01,"しまむら　　　　　　",9909
9910,"小口コード　　　　　　　　　　　　　　　",01,"しまむら　　　　　　",9910
9911,"小口コード　　　　　　　　　　　　　　　",01,"しまむら　　　　　　",9911
9912,"小口コード　　　　　　　　　　　　　　　",01,"しまむら　　　　　　",9912
9913,"小口コード　　　　　　　　　　　　　　　",01,"しまむら　　　　　　",9913
9914,"小口コード　　　　　　　　　　　　　　　",01,"しまむら　　　　　　",9914
9915,"小口コード　　　　　　　　　　　　　　　",01,"しまむら　　　　　　",9915
9917,"小口コード　　　　　　　　　　　　　　　",01,"しまむら　　　　　　",9917
9919,"小口コード　　　　　　　　　　　　　　　",01,"しまむら　　　　　　",9919
9920,"小口コード　　　　　　　　　　　　　　　",01,"しまむら　　　　　　",9920
9921,"小口コード　　　　　　　　　　　　　　　",01,"しまむら　　　　　　",9921
9922,"小口コード　　　　　　　　　　　　　　　",01,"しまむら　　　　　　",9922
9923,"小口コード　　　　　　　　　　　　　　　",01,"しまむら　　　　　　",9923
9924,"小口コード　　　　　　　　　　　　　　　",01,"しまむら　　　　　　",9924
9925,"小口コード　　　　　　　　　　　　　　　",06,"ディバロ　　　　　　",9925
9926,"小口コード　　　　　　　　　　　　　　　",01,"しまむら　　　　　　",9926
9927,"小口コード　　　　　　　　　　　　　　　",04,"バースデイ　　　　　",9927
9928,"小口コード　　　　　　　　　　　　　　　",01,"しまむら　　　　　　",9928
9929,"小口コード　　　　　　　　　　　　　　　",05,"シャンブル　　　　　",9929
9930,"小口コード　　　　　　　　　　　　　　　",04,"バースデイ　　　　　",9930
9931,"小口コード　　　　　　　　　　　　　　　",04,"バースデイ　　　　　",9931
9932,"小口コード　　　　　　　　　　　　　　　",04,"バースデイ　　　　　",9932
9933,"小口コード　　　　　　　　　　　　　　　",04,"バースデイ　　　　　",9933
9934,"小口コード　　　　　　　　　　　　　　　",04,"バースデイ　　　　　",9934
9935,"小口コード　　　　　　　　　　　　　　　",04,"バースデイ　　　　　",9935
9936,"小口コード　　　　　　　　　　　　　　　",04,"バースデイ　　　　　",9936
9937,"小口コード　　　　　　　　　　　　　　　",05,"シャンブル　　　　　",9937
9938,"小口コード　　　　　　　　　　　　　　　",05,"シャンブル　　　　　",9938
9939,"小口コード　　　　　　　　　　　　　　　",05,"シャンブル　　　　　",9939
9940,"小口コード　　　　　　　　　　　　　　　",05,"シャンブル　　　　　",9940
9941,"小口コード　　　　　　　　　　　　　　　",05,"シャンブル　　　　　",9941
9942,"小口コード　　　　　　　　　　　　　　　",05,"シャンブル　　　　　",9942
9943,"小口コード　　　　　　　　　　　　　　　",05,"シャンブル　　　　　",9943
9944,"小口コード　　　　　　　　　　　　　　　",06,"ディバロ　　　　　　",9944
9945,"小口コード　　　　　　　　　　　　　　　",06,"ディバロ　　　　　　",9945
9946,"小口コード　　　　　　　　　　　　　　　",06,"ディバロ　　　　　　",9946
9947,"小口コード　　　　　　　　　　　　　　　",06,"ディバロ　　　　　　",9947
9948,"小口コード　　　　　　　　　　　　　　　",06,"ディバロ　　　　　　",9948
9949,"小口コード　　　　　　　　　　　　　　　",06,"ディバロ　　　　　　",9949
9950,"小口コード　　　　　　　　　　　　　　　",02,"アベイル　　　　　　",9950
9951,"小口コード　　　　　　　　　　　　　　　",02,"アベイル　　　　　　",9951
9952,"小口コード　　　　　　　　　　　　　　　",02,"アベイル　　　　　　",9952
9953,"小口コード　　　　　　　　　　　　　　　",04,"バースデイ　　　　　",9953
9954,"小口コード　　　　　　　　　　　　　　　",04,"バースデイ　　　　　",9954
9955,"小口コード　　　　　　　　　　　　　　　",04,"バースデイ　　　　　",9955
9956,"小口コード　　　　　　　　　　　　　　　",04,"バースデイ　　　　　",9956
9957,"小口コード　　　　　　　　　　　　　　　",04,"バースデイ　　　　　",9957
9958,"小口コード　　　　　　　　　　　　　　　",05,"シャンブル　　　　　",9958
9959,"小口コード　　　　　　　　　　　　　　　",05,"シャンブル　　　　　",9959
9960,"小口コード　　　　　　　　　　　　　　　",05,"シャンブル　　　　　",9960
9961,"小口コード　　　　　　　　　　　　　　　",05,"シャンブル　　　　　",9961
9962,"小口コード　　　　　　　　　　　　　　　",05,"シャンブル　　　　　",9962
9963,"小口コード　　　　　　　　　　　　　　　",06,"ディバロ　　　　　　",9963
9964,"小口コード　　　　　　　　　　　　　　　",06,"ディバロ　　　　　　",9964
9965,"小口コード　　　　　　　　　　　　　　　",06,"ディバロ　　　　　　",9965
9966,"小口コード　　　　　　　　　　　　　　　",06,"ディバロ　　　　　　",9966
9967,"小口コード　　　　　　　　　　　　　　　",06,"ディバロ　　　　　　",9967
9968,"小口コード　　　　　　　　　　　　　　　",06,"ディバロ　　　　　　",9968
9969,"小口コード　　　　　　　　　　　　　　　",02,"アベイル　　　　　　",9969
9970,"小口コード　　　　　　　　　　　　　　　",02,"アベイル　　　　　　",9970
9971,"小口コード　　　　　　　　　　　　　　　",06,"ディバロ　　　　　　",9971
9972,"小口コード　　　　　　　　　　　　　　　",02,"アベイル　　　　　　",9972
9973,"小口コード　　　　　　　　　　　　　　　",02,"アベイル　　　　　　",9973
9974,"小口コード　　　　　　　　　　　　　　　",02,"アベイル　　　　　　",9974
9975,"小口コード　　　　　　　　　　　　　　　",02,"アベイル　　　　　　",9975
9976,"小口コード　　　　　　　　　　　　　　　",02,"アベイル　　　　　　",9976
9977,"小口コード　　　　　　　　　　　　　　　",02,"アベイル　　　　　　",9977
9978,"小口コード　　　　　　　　　　　　　　　",02,"アベイル　　　　　　",9978
9979,"小口コード　　　　　　　　　　　　　　　",02,"アベイル　　　　　　",9979
9991,"小口コード　　　　　　　　　　　　　　　",01,"しまむら　　　　　　",9991
